{"hsv_player": {"GK_SK_SU": {"Karius.": 30.662698412698433, "Fernandes": 24.715419501133802, "Benes": 23.888888888888875, "Walemark": 19.666666666666668, "Vuskovic": 17.65740740740741, "Kittel": 12.648148148148177, "Reis": 12.435185185185187, "Muheim": 11.509259259259252}, "CD_CD_DE": {"Djiku": 37.385204081632665, "Ribeiro": 33.13775510204083, "Ampadu.": 32.079081632653086, "Wahl.": 30.480442176870746, "Schonlau": 29.064625850340118, "Ambrosius": 28.988095238095255, "David": 27.18112244897961, "Meijer": 25.50170068027212}, "CD_BPD_DE": {"Ribeiro": 29.92063492063494, "Ampadu.": 29.737103174603163, "Wahl.": 28.08531746031747, "Karius.": 27.785714285714302, "David": 26.111111111111107, "Schonlau": 24.56018518518519, "Meijer": 24.027777777777768, "Ambrosius": 24.00462962962962}, "CLR_FB_AT": {"Scally": 28.524080086580117, "Meijer": 25.768398268398265, "Benes": 25.75968013468014, "Reis": 24.124579124579117, "Heyer": 21.079545454545467, "Muheim": 21.076839826839855, "Ambrosius": 21.04166666666666, "Schonlau": 20.338804713804706}, "CM_BWM_DE": {"Gagliardini": 46.6964285714286, "Djiku": 39.17091836734695, "Scally": 32.37670068027214, "Ambrosius": 32.17687074829932, "Heyer": 30.05102040816329, "Schonlau": 29.70238095238095, "Reis": 29.54506802721088, "Jatta": 29.302721088435373}, "CM_BBM_SU": {"Gagliardini": 43.890306122449005, "Reis": 30.565476190476186, "Scally": 24.484126984126977, "Benes": 23.955026455026456, "Heyer": 23.57142857142856, "Vuskovic": 23.234126984126977, "Meijer": 22.057823129251712, "Wahl.": 19.914021164021154}, "AMC_AM_AT": {"Zerbin": 38.333333333333314, "Dowell": 34.91071428571429, "Mara.": 34.255952380952394, "Benes": 33.33333333333336, "Walemark": 30.41666666666668, "Kittel": 29.196428571428577, "Dompe": 28.720238095238102, "Wanner": 28.63095238095239}, "AMLR_IW_AT": {"Zerbin": 37.14285714285717, "Dowell": 35.605158730158735, "Benes": 33.829365079365076, "Walemark": 32.500000000000014, "Kittel": 31.57738095238095, "Mara.": 30.88293650793652, "Wanner": 29.623015873015888, "Dompe": 29.315476190476186}, "STR_AF_AT": {"Zerbin": 35.73979591836735, "Mara.": 33.93707482993199, "Karius.": 29.57142857142859, "Walemark": 28.346560846560838, "Benes": 26.812169312169303, "Wanner": 25.697278911564645, "Hlozek": 25.616496598639475, "Glatzel": 25.55272108843539}}, "free_transfer_2023": {"GK_SK_SU": {"Karius.": 30.662698412698433, "Dahmen": 27.363378684807245, "Horn": 24.923280423280456, "Bryan": 21.20370370370372, "Dowell": 20.472222222222225, "Gagliardini": 19.805555555555543, "Pickel.": 13.046296296296287, "Djiku": 12.805555555555568}, "CD_CD_DE": {"Gagliardini": 38.03571428571429, "Djiku": 36.170634920634924, "Gimber.": 32.63180272108846, "Horn": 32.04761904761904, "Ribeiro": 31.798941798941822, "Pickel.": 27.705026455026456, "Hurtado": 21.911375661375647, "Bianda.": 21.223544973544985}, "CD_BPD_DE": {"Gagliardini": 35.81018518518519, "Djiku": 30.439814814814827, "Horn": 29.071428571428584, "Ribeiro": 28.79629629629628, "Karius.": 27.785714285714302, "Pickel.": 25.83333333333334, "Bryan": 21.550925925925934, "Hurtado": 20.16203703703704}, "CLR_FB_AT": {"Gagliardini": 36.15530303030303, "Djiku": 28.270202020202024, "Bryan": 27.628367003367007, "Pickel.": 25.096801346801332, "Doumbia.": 23.095238095238102, "Horn": 19.071428571428584, "Ribeiro": 18.438552188552197, "Sersanti": 17.33796296296296}, "CM_BWM_DE": {"Gagliardini": 45.41666666666666, "Djiku": 37.83730158730158, "Gimber.": 33.26955782312929, "Pickel.": 31.990740740740744, "Ribeiro": 27.632275132275144, "Horn": 26.21428571428572, "Bianda.": 25.271164021164036, "Bryan": 23.75661375661375}, "CM_BBM_SU": {"Gagliardini": 42.79761904761905, "Pickel.": 26.990740740740744, "Kownacki.": 26.356292517006796, "Bryan": 26.01851851851853, "Djiku": 24.623015873015888, "Hurtado": 24.292328042328037, "Doumbia.": 20.990646258503407, "Dowell": 19.58333333333334}, "AMC_AM_AT": {"Jovetic": 35.38690476190476, "Dowell": 33.75, "Gagliardini": 28.19444444444443, "Antonio.": 26.130952380952408, "Bryan": 24.35185185185185, "Hurtado": 21.990740740740744, "Djiku": 16.527777777777786, "Sersanti": 16.29629629629628}, "AMLR_IW_AT": {"Dowell": 34.39814814814815, "Jovetic": 33.303571428571445, "Pjaca": 29.553571428571423, "Karius.": 27.98412698412701, "Bryan": 24.53703703703704, "Gagliardini": 24.12037037037038, "Sersanti": 19.907407407407423, "Hurtado": 18.75}, "STR_AF_AT": {"Ayew": 33.08673469387756, "Gagliardini": 30.892857142857135, "Dowell": 30.654761904761898, "Karius.": 29.57142857142859, "Kownacki.": 28.71598639455783, "Antonio.": 25.301870748299322, "Hurtado": 24.411375661375647, "Bryan": 23.81613756613758}}, "hsv_gyr": {"GK_SK_DE": {"Karius": 29.89610389610391, "Bertini": 27.827574211502792, "Johansson": 16.402017625231924, "Raab": 5.271451762523199, "Mensah": 4.287453617810755, "Oppermann": 0.34902597402597735, "Obeng": -11.893089053803322}, "CD_CD_DE": {"Mai": 38.69472789115644, "Buchmann": 36.471088435374156, "David": 31.020408163265305, "Wahl": 30.510204081632644, "Ambrosius.": 30.480442176870746, "Ambrosius": 30.45068027210883, "Wattiau": 27.967687074829954, "Heyer": 25.459183673469408}, "CD_BPD_DE": {"Mai": 37.21726190476191, "Buchmann": 34.84126984126985, "David": 30.124007936507944, "Wahl": 28.115079365079367, "Becker": 23.501984126984127, "Diaz": 15.198412698412682}, "DR_WB_SU": {"Kumbedi": 35.07936507936509, "Lowe": 30.873015873015888, "Reis": 30.059523809523824, "Wattiau": 29.980158730158735, "Becker": 29.95039682539681, "Scally": 28.08531746031747, "Diaz": 25.049603174603163, "Buchmann": 24.325396825396837}, "DL_FB_AT": {"Wattiau": 35.0960497835498, "Kumbedi": 33.94074675324677, "Reis": 31.12824675324677, "Lowe": 30.679112554112553, "Becker": 29.99323593073595, "Scally": 29.253246753246778, "Buchmann": 25.687229437229433, "Diaz": 22.226731601731586}, "DM_DM_SU": {"Gagliardini": 48.75992063492066, "Mai": 34.23611111111111, "Reis": 34.10714285714283, "Schonlau": 34.077380952380985, "Wattiau": 33.55158730158732, "Wahl": 29.960317460317487, "Buchmann": 29.36507936507934, "Kinsombi": 29.29563492063492}, "CM_BTB_SU": {"Gagliardini": 43.94982993197283, "Reis": 36.352040816326536, "Kinsombi": 31.313775510204067, "Wattiau": 28.095238095238102, "Lowe": 27.925170068027203, "Kumbedi": 27.015306122449005, "Scally": 26.9515306122449, "Becker": 24.366496598639472}, "CM_MEZ_AT": {"Galera": 40.83333333333337, "Nemec": 36.51785714285717, "Zerbin": 35.133928571428584, "Diallo": 34.70238095238096, "Dowell": 33.34821428571428, "Reis": 32.8125, "Hannibal": 32.69345238095238, "Fernandez": 32.4702380952381}, "AML_IF_SU": {"Galera": 43.8626700680272, "Diallo": 42.96130952380955, "Nemec": 37.85714285714286, "Zerbin": 36.696428571428584, "Fernandez": 35.81845238095238, "Hannibal": 35.78656462585036, "Dowell": 35.19770408163265, "Leymarie": 34.89158163265307}, "AMR_IW_AT": {"Diallo": 43.28373015873018, "Galera": 43.21428571428572, "Zerbin": 37.14285714285717, "Nemec": 36.666666666666686, "Hannibal": 36.240079365079396, "Leymarie": 35.8730158730159, "Dowell": 35.20833333333334, "Benes": 34.226190476190496}, "ST_AF_AT": {"Galera": 45.61649659863946, "Diallo": 36.87074829931976, "Fernandez": 36.4243197278912, "Zerbin": 35.73979591836735, "Hannibal": 34.19217687074831, "Nemec": 34.15816326530614, "Dowell": 31.147959183673464, "Leymarie": 29.757653061224516}}}