{"GK_SK_DE": {"Hamon": -6.423841059602637, "Yanko": -27.350993377483448, "O'Sullivan": -29.403973509933778, "Ezennolim": -32.384105960264904, "Moxey": -35.62913907284768, "Sohna": -36.754966887417226, "Law": -36.754966887417226, "Porter": -36.82119205298014, "Wannell": -37.21854304635762, "Chamberlain": -37.88079470198675, "Harvey": -40.264900662251655, "Nyakuhwa": -40.39735099337748, "Hanson": -41.58940397350993, "Buse": -41.85430463576159, "Jones": -42.384105960264904, "Dean": -42.450331125827816, "Rooney": -43.3112582781457, "Neal": -43.37748344370861, "Yeboah": -44.2384105960265, "Taylor": -44.30463576158941}, "DC_BPD_DE": {"Moxey": 4.236111111111114, "Wannell": 2.9861111111111143, "Sohna": -0.9027777777777857, "Hanson": -2.916666666666657, "Dean": -7.986111111111114, "Palmer": -11.458333333333343, "Taylor": -15.416666666666657, "Hamon": -19.722222222222214, "Yanko": -47.70833333333333}, "DMC_BMW_DE": {"O'Sullivan": 8.813559322033896, "Law": 3.1355932203389756, "Wannell": 2.711864406779654, "Ezennolim": 2.4576271186440692, "Hanson": -0.16949152542373724, "Buse": -0.6779661016949206, "Melhado": -1.2711864406779512, "Porter": -1.6949152542372872, "Moxey": -2.6271186440678065, "Palmer": -3.5593220338982974, "Dean": -4.406779661016955, "Sohna": -9.067796610169495, "Taylor": -11.949152542372886, "Hamon": -16.77966101694915, "Yanko": -40.59322033898305}, "DMW_WB_SU": {"Ezennolim": 1.7197452229299302, "Law": -0.06369426751591334, "Melhado": -7.133757961783431, "Buse": -7.961783439490446, "Dean": -8.089171974522301, "Hanson": -9.936305732484087, "Wannell": -11.27388535031848, "Palmer": -13.885350318471339}, "DMW_WB_AT": {"O'Sullivan": 3.6144578313252964, "Ezennolim": 1.8072289156626482, "Law": -0.18072289156626198, "Chamberlain": -3.132530120481931, "Nyakuhwa": -3.915662650602414, "Melhado": -6.506024096385531, "Buse": -8.49397590361447, "Jones": -10.84337349397589, "Taylor": -15.240963855421683}, "MC_AP_AT": {"O'Sullivan": 4.6875, "Jones": 3.828125, "Harvey": 3.75, "Chamberlain": 3.28125, "Rooney": 0.234375, "Moxey": -2.34375, "Porter": -3.90625, "Sohna": -7.03125, "Neal": -14.0625, "Yeboah": -14.53125, "Hamon": -21.25}, "AMC_SS_AT": {"Nyakuhwa": -2.2962962962962905, "Harvey": -3.925925925925924, "Neal": -6.814814814814824, "Rooney": -8.370370370370367, "Yeboah": -12.148148148148152, "Yanko": -48.88888888888889}, "ST_AF_AT": {"Nyakuhwa": -1.4503816793893236, "Harvey": -1.984732824427482, "Chamberlain": -2.824427480916029, "Porter": -3.969465648854964, "Rooney": -5.801526717557252, "Neal": -5.801526717557252, "Jones": -8.473282442748086, "Yeboah": -12.213740458015266}}