{"GK_SK_SU": {"Bertini": 37.97592106392105, "Ambos": 35.27415873015872, "Victor": 15.71939596739594, "Assheuer": -2.495697983697994, "Obeng": -5.346127842127856, "Abbasi": -6.0504298584298795, "Bayer": -8.985575289575294}, "CD_CD_DE": {"Ali": 45.39867867867869, "Arce": 36.99744315744314, "Assheuer": 35.379562419562404, "Buchmann": 34.99888459888459, "Degenhardt": 31.803620763620756, "Hajdari": 29.098378378378385, "Mayer": 12.24933504933503, "Forster": -5.42788502788504}, "CD_BPD_DE": {"Plaza": 42.03315315315314, "Grey": 37.54335135135133, "Buchmann": 34.26234234234232}, "DR_WB_SU": {"Grey": 39.07103903903902, "Georgescu": 38.40576576576575, "Akinola": 22.627219219219228, "Abdul": 21.600384384384384, "Beck": 11.38988588588586, "Guehi": -5.748132132132142, "Appiah": -14.440072072072084}, "DL_FB_AT": {"Wattiau": 41.60455582855582, "Grey": 40.21437291837293, "Georgescu": 38.97632323232324, "Augusto": 31.526385476385485, "Bucciero": 30.480469560469572, "Kinsombi": 29.407668031668038, "Stewart": 25.67384657384659, "Akinola": 25.04564127764128}, "DM_DM_SU": {"Lisby": 53.12922522522524, "Wattiau": 40.013201201201184, "Plaza": 39.37374174174175, "Arce": 39.089537537537524, "Bucciero": 32.75178378378379, "Augusto": 31.842330330330327, "Hajdari": 30.57762162162163, "Stewart": 25.27721321321323}, "CM_BTB_SU": {"Georgescu": 39.50354354354354, "Grey": 38.06502273702273, "Kinsombi": 30.02538138138138, "Hecker": 15.263025311025302, "Wehlmann": 12.29736422136422, "Beck": 11.470936078936091, "Beganovi\u0107": 8.61244272844273, "\u00d6zt\u00fcrk": 0.9066700986701051}, "CM_MEZ_AT": {"G\u00e4hl": 45.58186186186185, "Brogden": 44.84978978978978, "Valerio": 43.44306306306305, "Allmeyer": 43.39282282282281, "Georgescu": 41.08894894894897, "Esono": 38.44057057057057, "Dursun": 35.706066066066086, "Min-Seok": 35.0672972972973}, "AML_IF_SU": {"Galera": 51.33235178035176, "Bourguignon": 44.07091891891889, "Luna": 43.944099528099514, "Brogden": 43.38159416559415, "G\u00e4hl": 43.228183612183614, "Valerio": 43.19341055341053, "Georgescu": 41.139754611754626, "Allmeyer": 41.07225396825396}, "AMR_IW_AT": {"Drommel": 57.03637237237237, "Bourguignon": 46.693597597597574, "Luna": 43.33148348348348, "Brogden": 42.12055255255254, "Georgescu": 38.872408408408404, "Esono": 38.57323723723724, "Backer": 37.120120120120106, "Min-Seok": 36.84944144144143}, "ST_AF_AT": {"Galera": 53.48556670956671, "G\u00e4hl": 44.36428914628914, "Luna": 43.030936078936094, "Valerio": 42.043418275418276, "Georgescu": 39.471587301587306, "Joon-Mo": 38.11273015873016, "Dursun": 35.76839553839554, "\u00c0ngel": 34.834946374946384}}