{"GK_SK_SU": {"Slicker": 11.18012422360249, "Smith": 6.894409937888199, "Dalipi": -15.341614906832305, "Babalola": -25.031055900621112, "Abdulai": -26.64596273291926, "Ferguson": -29.068322981366464, "Roughan": -29.13043478260869, "Vennings": -29.254658385093165, "Fornah": -29.68944099378882, "McFayden": -30.55900621118012, "Young": -31.614906832298132, "Butcher": -31.73913043478261, "Topalloj": -31.863354037267072, "Magennis": -31.92546583850931, "McAtee": -32.981366459627324, "Kamara": -33.664596273291934, "Reindorf": -34.72049689440993, "Lewis": -36.08695652173913, "Aoraha": -37.391304347826086, "Miller": -39.689440993788814}, "DC_BPD_DE": {"Roughan": 13.680555555555557, "Fornah": 9.166666666666657, "Ferguson": 9.027777777777786, "Abdulai": 8.888888888888886, "Laing": 5.763888888888886, "Topalloj": 4.027777777777786, "Aoraha": -1.6666666666666572, "Ezekwem": -11.805555555555557, "Smith": -16.805555555555557, "Cornwall": -19.027777777777786, "Babalola": -46.73611111111111}, "DC_WCB_DE": {"Roughan": 15.352112676056336, "Ferguson": 10.633802816901408, "Fornah": 10.633802816901408, "Abdulai": 8.16901408450704, "Laing": 4.788732394366207, "Topalloj": 4.718309859154914, "Kamara": -9.08450704225352, "Ezekwem": -11.33802816901408, "Cornwall": -17.112676056338017, "Crump": -25.281690140845072, "Curran": -27.535211267605632, "Dalipi": -41.40845070422535, "Babalola": -45.63380281690141}, "DMC_DLP_DE": {"Aoraha": 11.65217391304347, "Abdulai": 11.304347826086953, "McAtee": 8.173913043478251, "Magennis": 6.0, "Butcher": 4.956521739130437, "Young": 2.6956521739130466, "Vennings": 1.3043478260869534, "Miggins": -4.956521739130437, "Kamara": -6.347826086956516, "Slicker": -6.869565217391312, "Ezekwem": -6.956521739130437, "Smith": -9.304347826086968, "Halle": -14.521739130434781, "Weir": -17.217391304347828, "Crump": -21.304347826086953, "Curran": -24.608695652173907, "Hunt": -36.0, "Babalola": -46.78260869565217}, "DMC_VOL_AT": {"Magennis": 6.835443037974684, "Reindorf": 3.670886075949369, "Vennings": 3.3544303797468302, "McFayden": 3.0379746835443058, "Butcher": 2.4050632911392427, "Lewis": 0.0, "Aoraha": -1.2658227848101262, "Miggins": -11.012658227848107, "Halle": -14.050632911392412, "Weir": -23.860759493670884}, "DMW_WB_SU": {"Roughan": 12.738853503184714, "Fornah": 10.70063694267516, "McFayden": 9.808917197452232, "Ferguson": 8.72611464968152, "Butcher": 2.4840764331210323, "Topalloj": -0.06369426751591334, "Laing": -0.1273885350318551, "Lewis": -1.27388535031848, "Miggins": -2.229299363057322, "Kamara": -2.738853503184714, "Miller": -7.770700636942678, "Weir": -12.802547770700642, "Izzet": -12.86624203821657, "Robinson": -16.30573248407643, "Fowler": -20.318471337579624, "Crump": -21.146496815286625, "Cornwall": -21.59235668789809, "Curran": -21.783439490445858, "Scannell": -22.80254777070064, "Boxhill": -24.968152866242036}, "AMW_IF_AT": {"Reindorf": 11.5, "Young": 11.428571428571416, "McAtee": 10.714285714285708, "Magennis": 7.785714285714278, "McFayden": 6.0, "Lewis": 1.1428571428571388, "Robinson": 0.3571428571428612, "Izzet": -2.9285714285714306, "Miller": -3.357142857142861, "Halle": -8.07142857142857, "Scannell": -11.5, "Fowler": -13.07142857142857, "Boxhill": -15.214285714285722, "Slicker": -17.785714285714278, "Hunt": -26.214285714285708, "Dalipi": -39.57142857142857}, "ST_CF_SU": {"McAtee": 9.263157894736835, "Reindorf": 9.15789473684211, "Young": 4.368421052631589, "Vennings": -0.15789473684209554, "Miller": -6.684210526315795, "Robinson": -11.368421052631575, "Izzet": -13.05263157894737, "Smith": -16.78947368421052, "Slicker": -17.10526315789474, "Scannell": -18.94736842105263, "Fowler": -22.631578947368425, "Boxhill": -25.84210526315789, "Dalipi": -43.473684210526315}}