{"GK_SK_DE": {"Lunin": 24.57702211302211, "Raab": 16.745204258804264, "Fr\u00f6hlich": -10.191827027027031, "Niedermeier": -10.912508435708432, "Lewinski": -11.266481900081928}, "DC_BPD_DE": {"Schonlau": 28.678870870870867, "Folorunsho": 25.987867867867863, "Vu\u0161kovi\u0107": 23.109789789789787, "Ramos": 22.778810810810796, "Ambrosius": 20.6778138138138, "David": 19.41145945945945, "Collahuazo": 13.72725525525523, "Josep": 10.806006006006015}, "DW_WB_AT": {"Klaassen": 30.600060060060088, "Folorunsho": 29.713453453453468, "Reis": 28.812312312312315, "Amiri": 25.600180180180217, "Walde": 22.366246246246263, "Oliveira": 20.825585585585614, "Muheim": 19.604684684684685, "Jatta": 19.568348348348337}, "DMC_DM_SU": {"Klaassen": 33.61860660660659, "Meffert": 32.837045045045045, "Schonlau": 31.3733933933934, "Reis": 25.16353153153152, "Ramos": 19.394186186186175, "Walde": 18.882618618618636, "Ambrosius": 17.88790390390389, "David": 17.660540540540538}, "DMC_DLP_SU": {"Klaassen": 34.47998541398542, "Sensi": 32.8253856713857, "Folorunsho": 26.87045474045476, "B\u00e9nes": 26.52854483054486, "Walde": 19.197324753324764, "Glatzel": 18.865081939081946, "Riedel": 2.2427653367653306, "Begsade": 1.3477957957958182}, "AMW_IF_SU": {"Pherai": 29.29850536250538, "Ou\u00e9draogo": 27.112916344916357, "Folorunsho": 25.98892835692837, "Lingard": 25.09403346203345, "Ejuke": 24.138797082797083, "Camara": 23.61822393822395, "Glatzel": 21.054222222222222, "Persie": 18.513743457743473}, "AMW_W_AT": {"Pherai": 29.594474474474453, "Ejuke": 27.298258258258258, "Camara": 25.48396396396396, "Domp\u00e9": 24.846126126126123, "B\u00e9nes": 24.364204204204185, "Ou\u00e9draogo": 23.542102102102092, "Walde": 18.892972972972956, "Jatta": 17.347987987987963}, "AMC_AM_AT": {"Sensi": 33.12843414843417, "Pherai": 29.988931788931808, "B\u00e9nes": 26.89659373659373, "Ou\u00e9draogo": 25.215083655083674, "Persie": 15.005036465036468, "Riedel": 4.179802659802647, "Blekic": 0.2713170313170252, "Hartig": -1.4881166881166905}, "ST_AF_AT": {"Pherai": 26.999074217074238, "Ou\u00e9draogo": 24.52517889317889, "Lingard": 24.31094465894465, "Camara": 22.7103088803089, "Glatzel": 22.025779493779467, "Persie": 17.710489918489912, "Nana-Sarhene": 4.356555984555982, "Buljubasic": 3.5118610038610143}}