{"GK_SK_SU": {"Bachmann": 15.15527950310559, "Macaulay": -1.9875776397515494, "Morris": -26.0248447204969, "Jemide": -17.639751552795033, "Casadei": -19.440993788819867, "Perry": -20.1863354037267, "Mitchell": -20.496894409937894, "Kon\u00e9": -20.80745341614906, "Swift": -21.304347826086953, "Ara\u00fajo": -22.795031055900623, "Hoedt": -22.919254658385086, "Ferreira": -23.41614906832298, "Bobb": -24.596273291925456, "Thorpe": -25.341614906832305, "Healey": -25.838509316770185, "Kainz": -25.900621118012424, "Fischer": -26.0248447204969, "Rajovi\u0107": -27.018633540372676, "Porteous": -27.080745341614914}, "DC_BPD_DE": {"Hoedt": 31.666666666666657, "Porteous": 29.305555555555543, "Jemide": 22.361111111111114, "Ferreira": 21.458333333333343, "Dunne": 18.472222222222214, "Bidwell": 18.263888888888886, "Perry": 18.263888888888886, "Rajovi\u0107": 17.638888888888886, "Morris": -34.58333333333333, "Sumnall": 8.958333333333343, "Munro": 3.055555555555557, "Martinelli": -4.583333333333343, "Bachmann": -5.416666666666657, "Wachowicz": -8.75, "Dyche": -13.611111111111114, "Povel": -22.569444444444443, "Macaulay": -32.29166666666667, "Thorpe": -46.875}, "DC_WCB_DE": {"Hoedt": 30.84507042253523, "Porteous": 29.295774647887328, "Bidwell": 21.478873239436624, "Ferreira": 21.197183098591537, "Dunne": 19.5774647887324, "Jemide": 18.732394366197184, "Perry": 18.098591549295776, "Sumnall": 7.676056338028161, "Munro": -0.14084507042254302, "Martinelli": -2.6056338028168966, "Adeyemo": -2.816901408450704, "Wachowicz": -6.83098591549296, "Rees": -7.676056338028161, "Bachmann": -8.309859154929583, "McGowan": -8.732394366197184, "Ruotsalainen": -10.49295774647888, "Dyche": -11.197183098591537, "Williams": -11.760563380281695, "King": -12.464788732394368, "Moore": -13.59154929577464}, "DMC_DLP_DE": {"Mitchell": 31.739130434782624, "Hoedt": 28.434782608695656, "Casadei": 27.391304347826093, "Swift": 25.47826086956522, "Ara\u00fajo": 25.39130434782608, "Kainz": 24.86956521739131, "Kon\u00e9": 24.434782608695656, "Perry": 21.82608695652175, "Bobb": 19.391304347826093, "Fischer": 19.217391304347814, "Ferreira": 18.434782608695656, "Jemide": 18.434782608695656, "Knight": 8.434782608695656, "McBride": 5.65217391304347, "Montefiori": 3.9130434782608745, "Sobowale": 3.4782608695652186, "Walker": 1.826086956521749, "Sailor": 0.8695652173913118, "Taylor": -1.0434782608695627, "Bachmann": -1.217391304347828}, "DMC_VOL_AT": {"Mitchell": 28.41772151898735, "Healey": 18.101265822784825, "Rajovi\u0107": 18.037974683544306, "Fischer": 18.037974683544306, "Porteous": 15.696202531645568, "Morris": 15.063291139240505, "Dunne": 8.291139240506325, "Sumnall": 7.594936708860757, "Rees": -7.215189873417728, "Ruotsalainen": -12.405063291139243, "King": -15.443037974683534, "Ealing": -21.265822784810126, "Odiase": -22.721518987341767}, "DMW_WB_SU": {"Mitchell": 28.152866242038215, "Fischer": 26.242038216560516, "Ara\u00fajo": 21.52866242038216, "Bidwell": 20.382165605095537, "Morris": 16.369426751592357, "Kainz": 14.777070063694268, "Sobowale": 10.509554140127392, "Fertoli": 9.235668789808912, "Kalu": 9.108280254777071, "Hurtado": 8.662420382165607, "Baah": 3.9490445859872523, "Yarney": -2.0382165605095537, "Moulds": -3.6942675159235705, "Moore": -5.222929936305732, "King": -8.216560509554128, "McGowan": -8.72611464968152, "Rees": -8.853503184713375, "Williams": -9.426751592356695, "Ruotsalainen": -9.936305732484087, "Martinelli": -10.0}, "AMW_IF_AT": {"Casadei": 30.64285714285714, "Bobb": 25.5, "Kalu": 24.214285714285708, "Healey": 24.07142857142857, "Swift": 22.07142857142857, "Kon\u00e9": 6.357142857142861, "Kainz": 18.571428571428584, "Fertoli": 15.57142857142857, "Baah": 14.07142857142857, "Hurtado": 13.5, "Adeyemo": 12.142857142857139, "Montefiori": 10.92857142857143, "Sobowale": 6.071428571428584, "Walker": 5.214285714285722, "Knight": 5.0, "Gillam": 3.5714285714285836, "Taylor": 3.214285714285708, "McBride": 2.357142857142861, "Yarney": 1.857142857142847}, "ST_CF_SU": {"Casadei": 33.0, "Healey": 20.157894736842096, "Kon\u00e9": -0.8947368421052602, "Swift": 19.526315789473685, "Ara\u00fajo": 19.10526315789474, "Bobb": 18.47368421052633, "Rajovi\u0107": 18.10526315789474, "Kalu": 15.89473684210526, "Hurtado": 11.421052631578945, "Fertoli": 7.84210526315789, "Baah": 6.631578947368425, "Adeyemo": 4.89473684210526, "Knight": 4.15789473684211, "Montefiori": 4.15789473684211, "Walker": 1.2631578947368496, "Taylor": 1.1578947368421098, "McBride": 0.7894736842105345, "Yarney": -3.3157894736842053, "Gillam": -8.68421052631578}}