{"GK_SK_DE": {"Lunin": 30.33112582781459, "Raab": 21.456953642384093, "Burgos": -1.0596026490066208, "Fr\u00f6hlich": -7.019867549668874, "Niedermeier": -7.682119205298008, "Klaassen": -13.7748344370861, "Meffert": -15.16556291390728, "Sensi": -15.496688741721854, "Schonlau": -16.821192052980138, "Walker-Peters": -17.615894039735096, "Escudero": -17.682119205298008, "Folorunsho": -18.874172185430467, "Reis": -20.132450331125824, "Ou\u00e9draogo": -20.397350993377486, "Beek": -20.4635761589404, "Vu\u0161kovi\u0107": -20.728476821192046, "B\u00e9nes": -22.05298013245033, "Pherai": -22.185430463576154, "Lingard": -22.847682119205302, "Glatzel": -23.245033112582774}, "DC_BPD_DE": {"Meffert": 32.84722222222223, "Schonlau": 32.70833333333334, "Vu\u0161kovi\u0107": 27.5, "Ambrosius": 23.819444444444443, "Escudero": 23.055555555555557, "Josep": 17.569444444444443, "B\u00fcnning": 5.972222222222214, "Hidalgo": 3.8888888888888857, "Lunin": 1.1805555555555571, "Onuoha": -1.875, "Schreiber": -3.2638888888888857, "Raab": -3.819444444444443, "Nandja": -9.305555555555557, "Dittrich": -10.694444444444443, "Hellmers": -13.194444444444443, "Burgos": -28.47222222222223, "Fr\u00f6hlich": -35.41666666666667}, "DW_WB_AT": {"Walker-Peters": 34.87951807228916, "Folorunsho": 32.04819277108436, "Reis": 28.614457831325296, "Amiri": 26.626506024096386, "Oliveira": 22.831325301204828, "Muheim": 22.710843373493987, "Jatta": 14.457831325301214, "Ambrosius": 11.566265060240966, "Brinkert": 7.771084337349393, "Josep": 7.590361445783145, "Hidalgo": 3.7349397590361377, "Giusti": 2.4698795180722897, "Sargsyan": 0.18072289156626198, "Zym": -2.228915662650607, "B\u00fcnning": -3.4337349397590344, "N\u00fcrnberger": -7.1084337349397515, "Nielsen": -13.885542168674704, "Schreiber": -15.06024096385542, "Dittrich": -18.795180722891573, "Hellmers": -23.192771084337352}, "DMC_DM_SU": {"Meffert": 37.008547008547, "Klaassen": 36.83760683760684, "Schonlau": 34.017094017094024, "Folorunsho": 31.62393162393161, "Reis": 27.43589743589743, "Amiri": 25.982905982905976, "Vu\u0161kovi\u0107": 25.213675213675216, "Ambrosius": 20.34188034188034, "Escudero": 19.914529914529908, "Oliveira": 18.37606837606839, "Josep": 14.273504273504273, "Hidalgo": 9.65811965811966, "Brinkert": 5.555555555555557, "Lunin": 2.991452991453002, "Onuoha": 1.7094017094017033, "B\u00fcnning": 0.08547008547009227, "Raab": -3.931623931623932, "Schreiber": -8.71794871794873, "Zym": -8.803418803418808, "N\u00fcrnberger": -9.401709401709411}, "DMC_DLP_SU": {"Sensi": 38.52173913043478, "Klaassen": 37.65217391304347, "Beek": 36.69565217391303, "B\u00e9nes": 33.73913043478262, "Folorunsho": 32.0, "Meffert": 31.65217391304347, "Schonlau": 28.0, "Reis": 26.26086956521739, "Amiri": 25.217391304347828, "Vu\u0161kovi\u0107": 23.73913043478261, "Glatzel": 21.304347826086953, "Muheim": 20.695652173913032, "Escudero": 16.608695652173907, "Brinkert": 9.217391304347814, "Lunin": 8.869565217391298, "Riedel": 8.521739130434781, "Raab": 1.1304347826087024, "Onuoha": 0.6086956521739069, "Fr\u00f6hlich": -23.217391304347828, "Burgos": -27.217391304347828}, "AMW_IF_SU": {"Beek": 35.82733812949641, "Ou\u00e9draogo": 34.67625899280574, "Pherai": 34.31654676258995, "Camara": 31.007194244604307, "Sensi": 31.007194244604307, "Tewelde": 29.568345323741, "Ejuke": 27.55395683453237, "Sternal": 25.971223021582745, "Lingard": 25.39568345323741, "Domp\u00e9": 23.02158273381295, "N\u00e9meth": 22.230215827338128, "Glatzel": 22.086330935251794, "Suhonen": 18.41726618705036, "Jatta": 10.503597122302168, "Rath": 10.503597122302168, "Riedel": 8.345323741007192, "Giusti": 5.107913669064743, "Blekic": 4.46043165467627, "Stange": 1.0791366906474877, "Demange": 1.0071942446043067}, "AMW_W_AT": {"Pherai": 33.93162393162393, "Walker-Peters": 33.076923076923094, "Tewelde": 32.735042735042754, "Camara": 32.64957264957266, "Ou\u00e9draogo": 32.051282051282044, "B\u00e9nes": 30.34188034188034, "Ejuke": 29.572649572649567, "Domp\u00e9": 27.008547008546998, "Muheim": 22.73504273504274, "Suhonen": 20.34188034188034, "Oliveira": 20.0, "Jatta": 15.384615384615387, "Giusti": 11.538461538461533, "Rath": 8.461538461538467, "Sargsyan": 5.2136752136752165, "Demange": 2.6495726495726615, "Stange": -0.7692307692307736, "Zym": -3.2478632478632505, "N\u00fcrnberger": -9.743589743589752, "Nielsen": -18.333333333333343}, "AMC_AM_AT": {"Sensi": 36.766917293233064, "Pherai": 33.08270676691728, "Klaassen": 32.70676691729324, "Ou\u00e9draogo": 32.481203007518815, "B\u00e9nes": 32.33082706766916, "Sternal": 25.11278195488721, "Lingard": 22.93233082706766, "Domp\u00e9": 20.75187969924812, "N\u00e9meth": 20.0, "Suhonen": 19.849624060150376, "Riedel": 10.300751879699249, "Blekic": 2.255639097744364}, "ST_AF_AT": {"Beek": 35.57251908396947, "Camara": 30.2290076335878, "Walker-Peters": 29.92366412213741, "Tewelde": 28.549618320610676, "Lingard": 24.885496183206115, "Sternal": 24.427480916030532, "Glatzel": 23.587786259541986, "Ejuke": 23.435114503816806, "N\u00e9meth": 23.358778625954187, "Rath": 10.458015267175568, "Stange": 3.206106870229007, "Blekic": 0.992366412213741, "Sargsyan": 0.6106870229007484, "Demange": -0.6106870229007484}}