{"GK_SK_DE": {"Fernandes": 24.88873513513512, "Raab": 15.72419197379196, "Clasen*": -8.447823095823097, "Heinbockel": -11.820713513513525, "Niedermeier": -17.14620540540541, "Jasper": -18.196292874692872, "Lewinski": -21.342047502047507}, "DC_BPD_DE": {"Schonlau": 28.031303303303304, "Had\u017eikaduni\u0107": 24.36175375375373, "Ramos": 22.778810810810796, "Vu\u0161kovi\u0107": 20.879279279279288, "Ambrosius": 20.01585585585586, "Heyer": 16.849969969969976, "Krahn": 7.122066066066054, "Coulibaly": -5.311231231231233}, "DW_WB_AT": {"Reis": 26.617597597597594, "Brempt": 22.874954954954973, "Muheim": 19.32852852852855, "Jatta": 19.001501501501508, "Heyer": 17.700660660660688, "\u00d6ztunali": 15.956516516516544, "Mikelbrencis": 14.088828828828824, "Suhonen": 14.059759759759771}, "DMC_DM_SU": {"Meffert": 32.837045045045045, "Schonlau": 30.350258258258265, "Ramos": 19.394186186186175, "Heyer": 18.271579579579594, "Ambrosius": 17.87369369369368, "Por\u0119ba": 11.521729729729728, "Jaschan": -7.20732732732732, "Adekunle": -7.576792792792787}, "DMC_DLP_SU": {"B\u00e9nes": 25.126307164307164, "Heyer": 15.92933762333766, "Por\u0119ba": 14.645649077649097, "Andrijani\u0107*": 3.2094749034748986, "Riedel": -4.939377949377956, "Begsade": -5.04164564564563, "Lamce": -10.891256113256105, "Hartig": -12.639474045474046}, "AMW_IF_SU": {"Pherai": 24.034477906477917, "Glatzel": 21.804911196911206, "K\u00f6nigsd\u00f6rffer": 15.178598026598038, "N\u00e9meth": 14.73779836979837, "\u00d6ztunali": 14.26836207636211, "Suhonen": 14.130292578292583, "Mikelbrencis": 11.526404118404116, "Krahn": 8.379442299442317}, "AMW_W_AT": {"Domp\u00e9": 26.943903903903887, "Pherai": 25.398918918918923, "B\u00e9nes": 24.335855855855826, "Jatta": 17.30546546546543, "Muheim": 16.639279279279265, "Suhonen": 15.873873873873862, "Mikelbrencis": 14.683243243243226, "\u00d6ztunali": 14.272192192192165}, "AMC_AM_AT": {"B\u00e9nes": 26.29371085371085, "Pherai": 23.617649077649077, "Suhonen": 14.582608322608323, "Kosani\u0107*": -3.5961561561561695, "Tuppeck": -3.739699699699713, "Riedel": -3.918103818103816, "Alassani*": -8.116752466752459, "Lamce": -10.92507936507937}, "ST_AF_AT": {"Glatzel": 22.774579150579157, "N\u00e9meth": 15.504897468897468, "K\u00f6nigsd\u00f6rffer": 14.732634062634048, "\u00d6ztunali": 12.640279708279692, "Krahn": 7.721053625053642, "Kosani\u0107*": -2.8213110253110187, "Tuppeck": -4.859596739596739, "Nana-Sarhene": -5.919546117546105}}