{"GK_GK_DE": {"Sas": 14.747468632268621, "Udeh": 4.90856150696149, "Francis": -6.053797215397225, "Carter-Byrne": -20.337375921375923, "Roast": -20.337714004914005, "Frampton": -22.00886093366094, "Mitchell": -22.78284684684685, "Archer": -23.22258083538084}, "CD_CD_DE": {"Bielik": 21.403826683826665, "Roast": 20.861158301158298, "Bradbery": 20.379236379236374, "Wood": 15.515469755469752, "Holzman": 15.063921063921057, "Dionkou": 9.317305877305884, "Azzopardi": 7.76422136422137, "Mitchell": 6.539167739167752}, "CD_BPD_DE": {"Bielik": 25.383471471471452, "Roast": 15.396540540540514, "Bradbery": 13.468228228228227, "Mitchell": 12.173093093093087, "Wood": 10.503807807807803, "Holzman": 10.01453453453452, "Dionkou": 7.4386546546546555, "Azzopardi": 5.1218018018018086}, "DR_FB_DE": {"Bielik": 16.44710081510081, "Roast": 16.34234234234235, "Bradbery": 15.234320034320007, "Mitchell": 11.593963105963084, "Wood": 9.645858429858407, "Holzman": 9.547143715143704, "Azzopardi": 8.739294723294705, "Dionkou": 7.443915915915909}, "DL_WB_SU": {"Mitchell": 17.507507507507484, "Apataki": 11.447735735735733, "Frampton": 10.117189189189176, "Bielik": 9.972564564564564, "Roast": 9.683315315315298, "Mensah": 9.66885285285285, "Carter-Byrne": 8.670942942942943, "Azzopardi": 7.166846846846852}, "MC_DLP_DE": {"Bielik": 24.464874302874307, "Frampton": 21.84916173316175, "Carter-Byrne": 19.57230630630633, "Mitchell": 16.727636207636223, "Scott": 15.706994422994413, "Tomlin": 15.364066924066918, "Apataki": 13.234253110253107, "Kelly": 13.18998798798799}, "MC_MEZ_SU": {"Frampton": 22.499135135135134, "Mitchell": 21.54222222222222, "Kelly": 20.313945945945946, "Carter-Byrne": 18.928564564564596, "Tomlin": 14.758138138138122, "Apataki": 14.22969369369369, "Archer": 12.387279279279284, "Bielik": 11.244696696696678}, "AM_AP_SU": {"Frampton": 36.80182067782067, "Carter-Byrne": 26.967449163449174, "Tomlin": 23.460128700128678, "Kelly": 19.55902531102531, "Apataki": 18.15732132132132, "Mitchell": 14.543903903903896, "Bielik": 13.601273273273264, "Archer": 12.927965679965666}, "AM_AP_AT": {"Frampton": 36.80182067782067, "Carter-Byrne": 26.967449163449174, "Tomlin": 23.460128700128678, "Kelly": 19.55902531102531, "Apataki": 18.15732132132132, "Mitchell": 14.543903903903896, "Bielik": 13.601273273273264, "Archer": 12.927965679965666}, "ST_DLF_AT": {"Frampton": 31.163977691977664, "Carter-Byrne": 25.170738738738734, "Tomlin": 25.06028314028312, "Apataki": 17.99521578721577, "Kelly": 17.83566881166881, "Mitchell": 16.94997854997854, "Bielik": 15.176552552552536, "Scott": 15.141779493779481}, "ST_AF_AT": {"Frampton": 24.682283998283992, "Tomlin": 24.130375804375788, "Carter-Byrne": 22.84497039897039, "Kelly": 19.45802917202917, "Archer": 19.235633633633626, "Apataki": 17.376896610896594, "Mitchell": 13.589031317031342, "Matthew": 9.819528957528945}}