{"GK_SK_SU": {"Bertini": 43.30269798369801, "Ambos": 31.971575718575707, "Obeng": 2.1959283569283485, "Wei\u00df": 0.3668760188760132, "Abbasi": -2.002515229515211, "Assheuer": -4.46910596310596, "Turan": -5.683791934791927, "Wattiau": -17.585089661089654}, "DC_CD_DE": {"Lisby": 45.49384813384813, "Arce": 34.80652080652078, "Buchmann": 34.80044616044614, "Grey": 30.67171171171171, "Wattiau": 29.693693693693717, "Brogden": 26.630047190047165, "Assheuer": 24.76715572715571, "Georgescu": 23.924804804804793}, "DC_BPD_DE": {"Lisby": 41.946810810810774, "Buchmann": 34.70844444444441, "Grey": 34.67966366366366, "Arce": 34.40624624624624, "Brogden": 31.54255855855854, "Wattiau": 29.72936936936935, "Georgescu": 29.556684684684683, "Drommel": 24.534438438438443}, "DLR_FB_AT": {"Wattiau": 40.191421785421795, "Lisby": 39.05632432432432, "Georgescu": 38.785500955500964, "Grey": 37.34089107289108, "Galera": 31.345399399399412, "Augusto": 30.524404586404586, "Backer": 30.471944853944848, "Brogden": 30.344730002730017}, "MC_BWM_DE": {"Lisby": 48.39752895752895, "Grey": 39.26126126126124, "Georgescu": 38.686194766194774, "Wattiau": 36.728133848133865, "Arce": 36.25228657228652, "Allende": 30.74865722865721, "Augusto": 30.021724581724555, "Backer": 29.780763620763594}, "MC_BTB_SU": {"Georgescu": 38.7554302874303, "Grey": 36.533760617760635, "Lisby": 36.36064350064348, "Valerio": 35.57131188331189, "Brogden": 34.60886314886315, "Wattiau": 31.19804375804378, "Galera": 30.73021535821536, "Saleh": 29.60289317889317}, "MA_AM_AT": {"Galera": 49.86766194766193, "Drommel": 42.69458601458601, "Bourguignon": 40.853127413127424, "Brogden": 38.72048048048049, "Green": 37.87767481767483, "G\u00e4hl": 36.852363792363775, "Valerio": 35.761432861432866, "Georgescu": 35.25903045903044}, "MALR_IW_AT": {"Galera": 48.089729729729726, "Bourguignon": 47.51987987987985, "Drommel": 47.34892492492489, "Brogden": 40.02635435435434, "Georgescu": 38.85816216216216, "Backer": 37.12012012012008, "Green": 36.52177777777777, "Grey": 34.128408408408376}, "ST_AF_AT": {"Galera": 52.50008923208921, "Brogden": 40.39483483483485, "Bourguignon": 40.38565336765336, "Drommel": 38.674839982839984, "Georgescu": 38.180060918060946, "G\u00e4hl": 36.43762247962246, "Valerio": 35.57864521664524, "Green": 34.563583011583006}}