{"GK_SK_DE": {"Lunin": 23.65980147420146, "Raab": 16.24213595413596, "Johansson": 12.814419656019638, "Niedermeier": -11.440482227682239, "Lewinski": -12.686770843570855, "Fr\u00f6hlich": -12.751457493857487}, "DC_BPD_DE": {"Kr\u00e1l": 28.21837837837836, "Schonlau": 28.016912912912886, "Folorunsho": 25.987867867867863, "Ramos": 22.778810810810796, "Vu\u0161kovi\u0107": 21.843435435435424, "Ambrosius": 20.6778138138138, "David": 19.41145945945945, "Krahn": 11.02186186186185}, "DW_WB_AT": {"Klaassen": 31.413993993994012, "Folorunsho": 29.713453453453468, "Amiri": 29.50996996997, "Kr\u00e1l": 28.630630630630634, "Reis": 28.536156156156153, "Walde": 20.694774774774785, "Muheim": 19.604684684684685, "Jatta": 19.27765765765767}, "DMC_DM_SU": {"Klaassen": 33.93123123123121, "Meffert": 32.837045045045045, "Kr\u00e1l": 31.33076276276276, "Schonlau": 30.336048048048042, "Reis": 24.865117117117123, "Ramos": 19.394186186186175, "Ambrosius": 17.88790390390389, "David": 17.660540540540538}, "DMC_DLP_SU": {"Klaassen": 34.66874817674818, "Sensi": 32.8253856713857, "Kr\u00e1l": 29.03283140283142, "Campa\u00f1a": 28.135317889317918, "Folorunsho": 26.87045474045476, "B\u00e9nes": 25.873217503217532, "Amiri": 25.74601887601888, "Glatzel": 18.865081939081946}, "AMW_IF_SU": {"Pherai": 28.519179751179763, "Ou\u00e9draogo": 28.13565336765339, "Folorunsho": 25.98892835692837, "Ejuke": 24.88948605748608, "Lingard": 24.071296439296432, "Camara": 21.802865722865747, "Glatzel": 21.054222222222222, "\u00d6ztunali": 13.503354783354794}, "AMW_W_AT": {"Pherai": 29.551951951951906, "Ejuke": 28.332972972972954, "Domp\u00e9": 25.880840840840833, "Ou\u00e9draogo": 25.611531531531526, "B\u00e9nes": 24.35003003003, "Camara": 22.592432432432417, "Walde": 17.97165165165164, "Jatta": 17.319639639639618}, "AMC_AM_AT": {"Sensi": 33.12843414843417, "Pherai": 28.910304590304577, "B\u00e9nes": 26.882239382239362, "Ou\u00e9draogo": 26.002522522522526, "Lingard": 20.400223080223057, "Krahn": 10.522376662376672, "Riedel": 3.6343371943372063, "Hartig": -1.7711025311025281}, "ST_AF_AT": {"Pherai": 26.54306134706134, "Ou\u00e9draogo": 25.6096121836122, "Lingard": 23.226511368511353, "Glatzel": 22.025779493779467, "Camara": 20.16500214500215, "Krahn": 10.540784212784203, "Bugaj": 4.594253968253966, "Nana-Sarhene": 2.9650536250536277}}