{"GK_SK_SU": {"Smith": 6.273291925465841, "Aziaya": -7.142857142857139, "Lawrence": -24.90683229813665, "Cadamarteri": -26.0248447204969, "Babalola": -26.708074534161483, "Penman": -28.81987577639751, "Mottley": -29.006211180124225, "Vennings": -29.93788819875776, "Ferguson": -30.683229813664596, "Butcher": -31.73913043478261, "McFayden": -31.73913043478261, "Topalloj": -31.98757763975155, "Reindorf": -33.41614906832298, "Gordon": -33.72670807453416, "Dunk": -35.77639751552795, "Bracking": -36.58385093167702, "Lewis": -36.77018633540372, "Pasiek": -36.83229813664596, "Cassidy": -38.26086956521739, "Cheek": -38.57142857142857}, "DC_BPD_DE": {"Penman": 15.347222222222214, "Ferguson": 7.638888888888886, "Laing": 4.027777777777786, "Topalloj": 3.680555555555557, "Senior": -3.333333333333343, "Cave": -10.694444444444443, "Murphy": -23.263888888888886, "Ure": -15.625, "Ezekwem": -15.902777777777786, "Smith": -16.805555555555557, "Diamantis": -18.541666666666657, "Cornwall": -22.08333333333333, "Hastings": -23.680555555555557, "Marsh": -27.29166666666667, "Aziaya": -33.75, "Babalola": -49.44444444444444, "Mottley": -54.30555555555556}, "DC_WCB_DE": {"Penman": 13.028169014084497, "Ferguson": 9.225352112676063, "Topalloj": 4.366197183098592, "Laing": 3.3802816901408335, "Pasiek": 2.2535211267605604, "Senior": -2.6056338028168966, "Cave": -8.450704225352126, "Kamara": -14.718309859154914, "Ezekwem": -15.140845070422543, "Diamantis": -15.704225352112672, "Ure": -16.760563380281695, "Halle": -18.098591549295776, "Cornwall": -20.492957746478865, "Hastings": -22.605633802816897, "Pinho": -22.74647887323944, "Marsh": -25.281690140845072, "Crump": -25.845070422535215, "Curran": -30.633802816901408, "Aziaya": -35.422535211267615, "Lawrence": -43.30985915492958}, "DMC_DLP_DE": {"Cadamarteri": 15.304347826086953, "Penman": 7.304347826086953, "Butcher": 4.956521739130437, "Vennings": 0.9565217391304373, "Pasiek": 0.9565217391304373, "McFayden": 0.8695652173913118, "Dunk": -1.217391304347828, "Smith": -9.304347826086968, "Ezekwem": -9.565217391304358, "Kamara": -10.347826086956516, "Krauhaus": -10.521739130434781, "Ure": -10.521739130434781, "Murphy": -15.043478260869563, "Miggins": -12.695652173913047, "Sutton": -14.695652173913047, "Pinho": -17.043478260869577, "Halle": -18.956521739130437, "Williams": -19.826086956521735, "Crump": -20.695652173913032}, "DMC_VOL_AT": {"Gordon": 6.64556962025317, "Reindorf": 6.202531645569621, "Vennings": 2.5316455696202524, "Butcher": 2.4050632911392427, "Lewis": 0.0, "Dunk": -2.3417721518987378, "Cheek": -2.6582278481012622, "Senior": -13.670886075949369, "Miggins": -21.835443037974684, "Carey": -35.82278481012659}, "DMW_WB_SU": {"Pasiek": 8.343949044585983, "Ferguson": 7.452229299363054, "McFayden": 7.261146496815286, "Butcher": 2.4840764331210323, "Dunk": 0.509554140127392, "Topalloj": -0.1273885350318551, "Lewis": -0.7006369426751604, "Laing": -1.0828025477706973, "Cassidy": -4.968152866242036, "Bracking": -5.859872611464979, "Kamara": -8.089171974522301, "Miller": -8.152866242038215, "Cave": -11.27388535031848, "Chorley": -11.337579617834393, "Miggins": -12.484076433121032, "Izzet": -19.171974522293, "Crump": -20.127388535031855, "Robinson": -20.955414012738856, "Clarke": -22.99363057324841, "Curran": -23.375796178343947}, "AMW_IF_AT": {"Reindorf": 14.714285714285722, "Cadamarteri": 13.214285714285708, "Gordon": 6.142857142857139, "Cassidy": 4.785714285714278, "McFayden": 4.142857142857139, "Lewis": 0.8571428571428612, "Cheek": -2.642857142857139, "Miller": -3.5, "Bracking": -3.7142857142857224, "Krauhaus": -5.428571428571431, "Robinson": -6.214285714285722, "Williams": -8.357142857142861, "Chorley": -8.642857142857139, "Izzet": -10.714285714285708, "Halle": -13.42857142857143, "Bree": -14.642857142857139, "Bonsu": -14.642857142857139, "Ellis": -19.285714285714292, "Sutton": -20.0, "Foster": -23.714285714285708}, "ST_CF_SU": {"Cadamarteri": 13.94736842105263, "Reindorf": 12.15789473684211, "Gordon": 5.578947368421041, "Cassidy": 0.10526315789473983, "Cheek": -0.4210526315789451, "Vennings": -0.8421052631578902, "Bracking": -3.578947368421055, "Miller": -7.26315789473685, "Krauhaus": -8.84210526315789, "Williams": -15.684210526315795, "Smith": -16.78947368421052, "Robinson": -17.631578947368425, "Chorley": -18.578947368421055, "Murphy": -24.315789473684205, "Bonsu": -22.315789473684205, "Izzet": -22.578947368421055, "Bree": -23.0, "Sutton": -24.684210526315795, "Ellis": -25.473684210526315}}