{"hsv_gold": {"GK_SK_DE": {"Lunin": 24.57702211302211, "Raab": 16.745204258804264, "Fr\u00f6hlich": -10.191827027027031, "Niedermeier": -10.912508435708432, "Lewinski": -11.266481900081928}, "DC_BPD_DE": {"Schonlau": 28.678870870870867, "Folorunsho": 25.987867867867863, "Vu\u0161kovi\u0107": 23.109789789789787, "Ramos": 22.778810810810796, "Ambrosius": 20.6778138138138, "David": 19.41145945945945, "Collahuazo": 13.72725525525523, "Josep": 10.806006006006015}, "DW_WB_AT": {"Beek": 30.95615615615617, "Klaassen": 30.600060060060088, "Folorunsho": 29.713453453453468, "Reis": 28.812312312312315, "Amiri": 25.600180180180217, "Walde": 22.366246246246263, "Oliveira": 20.825585585585614, "Muheim": 19.604684684684685}, "DMC_DM_SU": {"Klaassen": 33.61860660660659, "Meffert": 32.837045045045045, "Schonlau": 31.3733933933934, "Reis": 25.16353153153152, "Ramos": 19.394186186186175, "Walde": 18.882618618618636, "Ambrosius": 17.88790390390389, "David": 17.660540540540538}, "DMC_DLP_SU": {"Klaassen": 34.47998541398542, "Sensi": 32.8253856713857, "Beek": 30.236130416130436, "Folorunsho": 26.87045474045476, "B\u00e9nes": 26.52854483054486, "Walde": 19.197324753324764, "Glatzel": 18.865081939081946, "Riedel": 2.2427653367653306}, "AMW_IF_SU": {"Beek": 32.2941021021021, "Pherai": 29.29850536250538, "Ou\u00e9draogo": 27.112916344916357, "Folorunsho": 25.98892835692837, "Lingard": 25.09403346203345, "Ejuke": 24.138797082797083, "Camara": 23.61822393822395, "Glatzel": 21.054222222222222}, "AMW_W_AT": {"Pherai": 29.594474474474453, "Tewelde": 29.24012012012011, "Beek": 28.049489489489474, "Ejuke": 27.298258258258258, "Camara": 25.48396396396396, "Domp\u00e9": 24.846126126126123, "Issoufou": 24.704384384384383, "B\u00e9nes": 24.364204204204185}, "AMC_AM_AT": {"Sensi": 33.12843414843417, "Beek": 31.711454311454304, "Pherai": 29.988931788931808, "B\u00e9nes": 26.89659373659373, "Ou\u00e9draogo": 25.215083655083674, "N\u00e9meth": 17.78567996567999, "Persie": 15.005036465036468, "Riedel": 4.179802659802647}, "ST_AF_AT": {"Beek": 31.704066066066076, "Pherai": 26.999074217074238, "Ou\u00e9draogo": 24.52517889317889, "Lingard": 24.31094465894465, "Camara": 22.7103088803089, "Glatzel": 22.025779493779467, "N\u00e9meth": 20.585309309309324, "Persie": 17.710489918489912}}, "hsv_wing_def": {"GK_SK_DE": {"Lunin": 24.57702211302211, "Raab": 16.745204258804264, "Fr\u00f6hlich": -10.191827027027031, "Niedermeier": -10.912508435708432, "Lewinski": -11.266481900081928}, "DC_BPD_DE": {"Meffert": 28.722042042042062, "Schonlau": 28.678870870870867, "Vu\u0161kovi\u0107": 23.109789789789787, "Ramos": 22.778810810810796, "Ambrosius": 20.6778138138138, "David": 19.41145945945945, "Collahuazo": 13.72725525525523, "Josep": 10.806006006006015}, "DW_WB_AT": {"Folorunsho": 29.713453453453468, "Reis": 28.812312312312315, "Amiri": 25.600180180180217, "Walde": 22.366246246246263, "B\u00e9nes": 21.71219219219222, "Ou\u00e9draogo": 20.912792792792786, "Oliveira": 20.825585585585614, "Muheim": 19.604684684684685}, "DW_IWB_SU": {"Klaassen": 31.48251378651375, "Sensi": 29.885370461370456, "Folorunsho": 27.719399399399393, "Meffert": 27.11672836472836, "Reis": 26.81213868413866, "Schonlau": 25.533903357903355, "B\u00e9nes": 22.63509473109474, "Muheim": 16.70470761670761}, "DMC_BMW_DE": {"Klaassen": 34.69717717717717, "Folorunsho": 30.297108537108528, "Meffert": 29.93465465465465, "Reis": 29.837460317460312, "Schonlau": 27.075521235521222, "Amiri": 26.93580437580438, "Ramos": 22.290725010724998, "Ambrosius": 21.262084942084925}, "DMC_VOL_AT": {"Folorunsho": 29.851219219219246, "Reis": 26.02589789789792, "Dittrich": -13.572324324324299}, "AMW_W_AT": {"Pherai": 29.594474474474453, "Sensi": 27.851051051051044, "Ejuke": 27.298258258258258, "Camara": 25.48396396396396, "Domp\u00e9": 24.846126126126123, "B\u00e9nes": 24.364204204204185, "Ou\u00e9draogo": 23.542102102102092, "Walde": 18.892972972972956}, "ST_AF_AT": {"Pherai": 26.999074217074238, "Sensi": 26.784839982839998, "Ou\u00e9draogo": 24.52517889317889, "Lingard": 24.31094465894465, "Camara": 22.7103088803089, "B\u00e9nes": 21.179044187044198, "Persie": 17.710489918489912, "Nana-Sarhene": 4.356555984555982}, "ST_TF_SU": {"Glatzel": 35.38818361218361, "Klaassen": 32.67122093522093, "Folorunsho": 28.114457314457297, "Meffert": 26.638953238953235, "Ambrosius": 21.683294723294694, "Ramos": 21.544902616902604, "David": 19.359121407121407, "Coulibaly": 1.7202333762333666}}, "hsv_cameron": {"GK_SK_DE": {"Lunin": 24.57702211302211, "Raab": 16.745204258804264, "Fr\u00f6hlich": -10.191827027027031, "Niedermeier": -10.912508435708432, "Lewinski": -11.266481900081928}, "DC_BPD_DE": {"Schonlau": 28.678870870870867, "Folorunsho": 25.987867867867863, "Vu\u0161kovi\u0107": 23.109789789789787, "Ramos": 22.778810810810796, "Ambrosius": 20.6778138138138, "David": 19.41145945945945, "Collahuazo": 13.72725525525523, "Josep": 10.806006006006015}, "DW_WB_AT": {"Klaassen": 30.600060060060088, "Folorunsho": 29.713453453453468, "Reis": 28.812312312312315, "Amiri": 25.600180180180217, "Walde": 22.366246246246263, "Oliveira": 20.825585585585614, "Muheim": 19.604684684684685, "Jatta": 19.568348348348337}, "DMC_DM_SU": {"Klaassen": 33.61860660660659, "Meffert": 32.837045045045045, "Schonlau": 31.3733933933934, "Reis": 25.16353153153152, "Ramos": 19.394186186186175, "Walde": 18.882618618618636, "Ambrosius": 17.88790390390389, "David": 17.660540540540538}, "AMW_IF_SU": {"Pherai": 29.29850536250538, "Ou\u00e9draogo": 27.112916344916357, "Folorunsho": 25.98892835692837, "Lingard": 25.09403346203345, "Ejuke": 24.138797082797083, "Camara": 23.61822393822395, "Glatzel": 21.054222222222222, "Domp\u00e9": 18.731586443586465}, "AMC_AM_AT": {"Sensi": 33.12843414843417, "Pherai": 29.988931788931808, "B\u00e9nes": 26.89659373659373, "Ou\u00e9draogo": 25.215083655083674, "Camara": 20.041364221364248, "Domp\u00e9": 18.525954525954532, "Persie": 15.005036465036468, "Riedel": 4.179802659802647}, "ST_AF_AT": {"Pherai": 26.999074217074238, "Ou\u00e9draogo": 24.52517889317889, "Lingard": 24.31094465894465, "Camara": 22.7103088803089, "Glatzel": 22.025779493779467, "Ejuke": 21.448367224367217, "Persie": 17.710489918489912, "Nana-Sarhene": 4.356555984555982}}, "test": {"GK_SK_SU": {"Lunin": 13.0}, "DC_CD_DE": {"Vuskovi\u00e9": 27.203389830508485, "Tewelde": 7.3728813559321935}, "MC_BWM_DE": {"Folorunsho": 35.5084745762712, "Vuskovi\u00e9": 23.813559322033896, "Mbapp\u00e9": 23.559322033898297, "Tewelde": 13.644067796610173, "MC_BWM_DE": 13.644067796610173, "Lingard": 13.305084745762713, "Beek": 12.85593220338983, "Sternal": 9.915254237288138}, "MC_BTB_SU": {"Mbapp\u00e9": 40.95890410958904, "Folorunsho": 36.0958904109589, "Vuskovi\u00e9": 21.23287671232876, "Lingard": 19.1095890410959, "Tewelde": 17.602739726027394, "MC_BTB_SU": 17.602739726027394, "Sternal": 17.123287671232873, "Beek": 13.431506849315069}, "ST_AF_AT": {"Mbapp\u00e9": 65.3435114503817, "Folorunsho": 30.53435114503816, "Tewelde": 28.549618320610676, "ST_AF_AT": 28.549618320610676, "Lingard": 24.885496183206115, "Sternal": 24.427480916030532, "Vuskovi\u00e9": 19.00763358778626}}}