{
  "hsv_gyr": {
    "GK_SK_DE": {
      "Bertini": 39.42486224406224,
      "Ambos": 27.599601638001616,
      "Obeng": -4.7224242424242675
    },
    "CD_CD_DE": {
      "Lisby": 43.92253968253968,
      "Arce": 34.80652080652078,
      "Buchmann": 33.92164736164733,
      "Mai": 29.515504075504055,
      "Assheuer": 24.388502788502763,
      "Becker": 18.660111540111544,
      "Kinsombi": 9.817451737451734
    },
    "CD_BPD_DE": {
      "Lisby": 39.3853213213213,
      "Arce": 34.40624624624624,
      "Buchmann": 34.03209609609607,
      "Mai": 30.82303903903903,
      "Assheuer": 20.80732732732733,
      "Becker": 18.97974774774775,
      "Kinsombi": 10.834786786786779
    },
    "DR_WB_SU": {
      "Wattiau": 37.841729729729735,
      "Georgescu": 37.23430630630628,
      "Fresneda": 34.12487687687687,
      "Reis": 28.22419219219219,
      "Backer": 28.19526726726727,
      "Valerio": 25.635247893054327,
      "Dell'atti": 25.114762762762737,
      "Kinsombi": 24.406102102102082
    },
    "DL_FB_AT": {
      "Wattiau": 42.56391318591318,
      "Georgescu": 37.87139011739012,
      "Fresneda": 36.14612066612068,
      "Reis": 29.601113295113322,
      "Dell'atti": 27.44239530439529,
      "Valerio": 26.952772727272702,
      "Augusto": 26.751238329238333,
      "Kinsombi": 25.589255255255253
    },
    "DM_DLP_SU": {
      "Georgescu": 41.823416559416586,
      "Brogden": 39.999897039897036,
      "Wattiau": 38.74978893178894,
      "Saleh": 38.39668554268553,
      "Valerio": 35.46806435006437,
      "Allmeyer": 34.63618532818535,
      "Gahl": 33.60842042042043,
      "Leymarie": 32.56539167739169
    },
    "CM_BTB_SU": {
      "Georgescu": 38.35561218361221,
      "Valerio": 34.77167567567568,
      "Reis": 33.48978464178464,
      "Fresneda": 31.981192621192633,
      "Dursun": 29.413288717288737,
      "Saleh": 28.928972972972986,
      "Kinsombi": 27.657386529386528,
      "Busquets": 26.66814586014587
    },
    "CM_MEZ_AT": {
      "Galera": 49.414474474474474,
      "Brogden": 43.44306306306305,
      "Georgescu": 39.14393393393394,
      "Saleh": 35.2251951951952,
      "Allmeyer": 34.35675675675674,
      "Green": 33.904594594594585,
      "Valerio": 33.79693693693693,
      "Gahl": 33.26582582582583
    },
    "AML_IF_SU": {
      "Galera": 50.935529815529804,
      "Drommel": 45.024109824109814,
      "Bourguignon": 44.52296868296867,
      "Brogden": 42.53067696267695,
      "Georgescu": 39.705877305877294,
      "Green": 37.31471814671815,
      "Valerio": 35.22833462033458,
      "Leymarie": 34.414235950235934
    },
    "AMR_IW_AT": {
      "Galera": 48.944504504504465,
      "Bourguignon": 47.51987987987985,
      "Drommel": 47.23495495495493,
      "Brogden": 40.86688288288289,
      "Georgescu": 37.40504504504503,
      "Green": 36.52177777777777,
      "Leymarie": 33.90046846846846,
      "Backer": 33.28787987987985
    },
    "ST_AF_AT": {
      "Galera": 53.1356507936508,
      "Brogden": 40.666198198198174,
      "Georgescu": 37.50879365079368,
      "Green": 34.563583011583006,
      "Valerio": 33.40977863577865,
      "Saleh": 32.654858000857985,
      "Gahl": 31.42148090948089,
      "Leymarie": 30.04528099528096
    }
  },
  "millwall": {"GK_GK_DE": {"Sas": 14.747468632268621, "Udeh": 4.90856150696149, "Francis": -6.053797215397225, "Carter-Byrne": -20.337375921375923, "Roast": -20.337714004914005, "Frampton": -22.00886093366094, "Mitchell": -22.78284684684685, "Archer": -23.22258083538084}, "CD_CD_DE": {"Bielik": 21.403826683826665, "Roast": 20.861158301158298, "Bradbery": 20.379236379236374, "Wood": 15.515469755469752, "Holzman": 15.063921063921057, "Dionkou": 9.317305877305884, "Azzopardi": 7.76422136422137, "Mitchell": 6.539167739167752}, "CD_BPD_DE": {"Bielik": 25.383471471471452, "Roast": 15.396540540540514, "Bradbery": 13.468228228228227, "Mitchell": 12.173093093093087, "Wood": 10.503807807807803, "Holzman": 10.01453453453452, "Dionkou": 7.4386546546546555, "Azzopardi": 5.1218018018018086}, "DR_FB_DE": {"Bielik": 16.44710081510081, "Roast": 16.34234234234235, "Bradbery": 15.234320034320007, "Mitchell": 11.593963105963084, "Wood": 9.645858429858407, "Holzman": 9.547143715143704, "Azzopardi": 8.739294723294705, "Dionkou": 7.443915915915909}, "DL_WB_SU": {"Mitchell": 17.507507507507484, "Apataki": 11.447735735735733, "Frampton": 10.117189189189176, "Bielik": 9.972564564564564, "Roast": 9.683315315315298, "Mensah": 9.66885285285285, "Carter-Byrne": 8.670942942942943, "Azzopardi": 7.166846846846852}, "MC_DLP_DE": {"Bielik": 24.464874302874307, "Frampton": 21.84916173316175, "Carter-Byrne": 19.57230630630633, "Mitchell": 16.727636207636223, "Scott": 15.706994422994413, "Tomlin": 15.364066924066918, "Apataki": 13.234253110253107, "Kelly": 13.18998798798799}, "MC_MEZ_SU": {"Frampton": 22.499135135135134, "Mitchell": 21.54222222222222, "Kelly": 20.313945945945946, "Carter-Byrne": 18.928564564564596, "Tomlin": 14.758138138138122, "Apataki": 14.22969369369369, "Archer": 12.387279279279284, "Bielik": 11.244696696696678}, "AM_AP_SU": {"Frampton": 36.80182067782067, "Carter-Byrne": 26.967449163449174, "Tomlin": 23.460128700128678, "Kelly": 19.55902531102531, "Apataki": 18.15732132132132, "Mitchell": 14.543903903903896, "Bielik": 13.601273273273264, "Archer": 12.927965679965666}, "AM_AP_AT": {"Frampton": 36.80182067782067, "Carter-Byrne": 26.967449163449174, "Tomlin": 23.460128700128678, "Kelly": 19.55902531102531, "Apataki": 18.15732132132132, "Mitchell": 14.543903903903896, "Bielik": 13.601273273273264, "Archer": 12.927965679965666}, "ST_DLF_AT": {"Frampton": 31.163977691977664, "Carter-Byrne": 25.170738738738734, "Tomlin": 25.06028314028312, "Apataki": 17.99521578721577, "Kelly": 17.83566881166881, "Mitchell": 16.94997854997854, "Bielik": 15.176552552552536, "Scott": 15.141779493779481}, "ST_AF_AT": {"Frampton": 24.682283998283992, "Tomlin": 24.130375804375788, "Carter-Byrne": 22.84497039897039, "Kelly": 19.45802917202917, "Archer": 19.235633633633626, "Apataki": 17.376896610896594, "Mitchell": 13.589031317031342, "Matthew": 9.819528957528945}},
  "hsv": {
    "GK_SK_SU": {
      "Bertini": 43.30269798369801,
      "Ambos": 31.971575718575707,
      "Obeng": 2.1959283569283485,
      "Wei\u00df": 0.3668760188760132,
      "Abbasi": -2.002515229515211,
      "Assheuer": -4.46910596310596,
      "Turan": -5.683791934791927,
      "Wattiau": -17.585089661089654
    },
    "DC_CD_DE": {
      "Lisby": 45.49384813384813,
      "Arce": 34.80652080652078,
      "Buchmann": 34.80044616044614,
      "Aliloktay": 34.644530244530245,
      "Ali": 34.644530244530245,
      "Grey": 30.67171171171171,
      "Wattiau": 29.693693693693717,
      "Brogden": 26.630047190047165
    },
    "DC_BPD_DE": {
      "Lisby": 41.946810810810774,
      "Buchmann": 34.70844444444441,
      "Grey": 34.67966366366366,
      "Arce": 34.40624624624624,
      "Brogden": 31.54255855855854,
      "Aliloktay": 30.736696696696697,
      "Ali": 30.736696696696697,
      "Wattiau": 29.72936936936935
    },
    "DLR_FB_AT": {
      "Wattiau": 40.191421785421795,
      "Lisby": 39.05632432432432,
      "Georgescu": 38.785500955500964,
      "Grey": 37.34089107289108,
      "Galera": 31.345399399399412,
      "Augusto": 30.524404586404586,
      "Backer": 30.471944853944848,
      "Brogden": 30.344730002730017
    },
    "MC_BWM_DE": {
      "Lisby": 48.39752895752895,
      "Grey": 39.26126126126124,
      "Georgescu": 38.686194766194774,
      "Wattiau": 36.728133848133865,
      "Arce": 36.25228657228652,
      "Aliloktay": 30.878249678249688,
      "Ali": 30.878249678249688,
      "Allende": 30.74865722865721
    },
    "MC_BTB_SU": {
      "Georgescu": 38.7554302874303,
      "Grey": 36.533760617760635,
      "Lisby": 36.36064350064348,
      "Valerio": 35.57131188331189,
      "Brogden": 34.60886314886315,
      "Wattiau": 31.19804375804378,
      "Galera": 30.73021535821536,
      "Saleh": 29.60289317889317
    },