{"hsv_gold": {"GK_SK_DE": {"Lunin": 23.65980147420146, "Raab": 16.24213595413596, "Johansson": 12.814419656019638, "Niedermeier": -11.440482227682239, "Lewinski": -12.686770843570855, "Fr\u00f6hlich": -12.751457493857487}, "DC_BPD_DE": {"Kr\u00e1l": 28.21837837837836, "Schonlau": 28.016912912912886, "Folorunsho": 25.987867867867863, "Ramos": 22.778810810810796, "Vu\u0161kovi\u0107": 21.843435435435424, "Ambrosius": 20.6778138138138, "David": 19.41145945945945, "Collahuazo": 12.576024024024022}, "DW_WB_AT": {"Klaassen": 31.413993993994012, "Folorunsho": 29.713453453453468, "Amiri": 29.50996996997, "Kr\u00e1l": 28.630630630630634, "Reis": 28.536156156156153, "Walde": 20.694774774774785, "Muheim": 19.604684684684685, "Jatta": 19.27765765765767}, "DMC_DM_SU": {"Klaassen": 33.93123123123121, "Meffert": 32.837045045045045, "Kr\u00e1l": 31.33076276276276, "Schonlau": 30.336048048048042, "Reis": 24.865117117117123, "Amiri": 24.69459459459459, "Ramos": 19.394186186186175, "Ambrosius": 17.88790390390389}, "DMC_DLP_SU": {"Klaassen": 34.66874817674818, "Sensi": 32.8253856713857, "Kr\u00e1l": 29.03283140283142, "Campa\u00f1a": 28.135317889317918, "Folorunsho": 26.87045474045476, "B\u00e9nes": 25.873217503217532, "Amiri": 25.74601887601888, "Glatzel": 18.865081939081946}, "AMW_IF_SU": {"Pherai": 28.519179751179763, "Ou\u00e9draogo": 28.13565336765339, "Folorunsho": 25.98892835692837, "Amiri": 25.07971514371515, "Ejuke": 24.88948605748608, "Lingard": 24.071296439296432, "Camara": 21.802865722865747, "Glatzel": 21.054222222222222}, "AMW_W_AT": {"Pherai": 29.551951951951906, "Ejuke": 28.332972972972954, "Domp\u00e9": 25.880840840840833, "Ou\u00e9draogo": 25.611531531531526, "B\u00e9nes": 24.35003003003, "Camara": 22.592432432432417, "Walde": 17.97165165165164, "Jatta": 17.319639639639618}, "AMC_AM_AT": {"Sensi": 33.12843414843417, "Pherai": 28.910304590304577, "B\u00e9nes": 26.882239382239362, "Ou\u00e9draogo": 26.002522522522526, "Lingard": 20.400223080223057, "Persie": 11.441055341055346, "Krahn": 10.522376662376672, "Riedel": 3.6343371943372063}, "ST_AF_AT": {"Pherai": 26.54306134706134, "Ou\u00e9draogo": 25.6096121836122, "Lingard": 23.226511368511353, "Glatzel": 22.025779493779467, "Camara": 20.16500214500215, "Persie": 14.04912483912483, "Krahn": 10.540784212784203, "Bugaj": 4.594253968253966}}, "hsv_wing_def": {"GK_SK_DE": {"Fernandes": 24.88873513513512, "Raab": 15.72419197379196, "Clasen*": -8.447823095823097, "Heinbockel": -11.820713513513525, "Niedermeier": -17.14620540540541, "Jasper": -18.196292874692872, "Lewinski": -21.342047502047507}, "DC_BPD_DE": {"Meffert": 28.722042042042062, "Schonlau": 28.031303303303304, "Had\u017eikaduni\u0107": 24.36175375375373, "Ramos": 22.778810810810796, "Vu\u0161kovi\u0107": 20.879279279279288, "Ambrosius": 20.01585585585586, "Coulibaly": -5.311231231231233, "Adekunle": -9.613957957957965}, "DW_WB_AT": {"Reis": 26.617597597597594, "Brempt": 22.874954954954973, "B\u00e9nes": 21.159879879879895, "Muheim": 19.32852852852855, "Jatta": 19.001501501501508, "\u00d6ztunali": 15.956516516516544, "Mikelbrencis": 14.088828828828824, "Suhonen": 14.059759759759771}, "DW_IWB_SU": {"Meffert": 27.11672836472836, "Schonlau": 24.674804258804244, "Reis": 24.42358285558285, "B\u00e9nes": 21.51305924105924, "Heyer": 18.253689325689308, "Vu\u0161kovi\u0107": 17.35163527163526, "Muheim": 16.456089544089537, "Por\u0119ba": 13.173289653289643}, "DMC_BMW_DE": {"Meffert": 29.93465465465465, "Reis": 27.42987558987558, "Schonlau": 26.225070785070784, "Ramos": 22.290725010724998, "Brempt": 21.74805662805663, "Heyer": 21.731857571857574, "Ambrosius": 21.247910767910753, "Muheim": 18.915246675246664}, "DMC_VOL_AT": {"Por\u0119ba": 11.99730930930933, "Bojadgian*": -14.04958558558559, "Buhr*": -16.190030030030016}, "AMW_W_AT": {"Domp\u00e9": 26.943903903903887, "Pherai": 25.398918918918923, "B\u00e9nes": 24.335855855855826, "Jatta": 17.30546546546543, "Muheim": 16.639279279279265, "Suhonen": 15.873873873873862, "Mikelbrencis": 14.683243243243226, "\u00d6ztunali": 14.272192192192165}, "ST_AF_AT": {"B\u00e9nes": 20.82912827112827, "N\u00e9meth": 15.504897468897468, "K\u00f6nigsd\u00f6rffer": 14.732634062634048, "\u00d6ztunali": 12.640279708279692, "Krahn": 7.721053625053642, "Kosani\u0107*": -2.8213110253110187, "Andrijani\u0107*": -3.466054054054055, "Tuppeck": -4.859596739596739}, "ST_TF_SU": {"Glatzel": 35.402429858429855, "Meffert": 26.638953238953235, "Ramos": 21.544902616902604, "Ambrosius": 20.81427370227368, "Heyer": 19.493443157443167, "N\u00e9meth": 13.082632346632323, "Coulibaly": -7.067665379665371}}, "hsv_cameron": {"GK_SK_DE": {"Fernandes": 24.88873513513512, "Raab": 15.72419197379196, "Clasen*": -8.447823095823097, "Heinbockel": -11.820713513513525, "Niedermeier": -17.14620540540541, "Jasper": -18.196292874692872, "Lewinski": -21.342047502047507}, "DC_BPD_DE": {"Schonlau": 28.031303303303304, "Had\u017eikaduni\u0107": 24.36175375375373, "Ramos": 22.778810810810796, "Vu\u0161kovi\u0107": 20.879279279279288, "Ambrosius": 20.01585585585586, "Heyer": 16.849969969969976, "Krahn": 7.122066066066054, "Coulibaly": -5.311231231231233}, "DW_WB_AT": {"Reis": 26.617597597597594, "Brempt": 22.874954954954973, "Muheim": 19.32852852852855, "Jatta": 19.001501501501508, "Heyer": 17.700660660660688, "\u00d6ztunali": 15.956516516516544, "Mikelbrencis": 14.088828828828824, "Suhonen": 14.059759759759771}, "DMC_DM_SU": {"Meffert": 32.837045045045045, "Schonlau": 30.350258258258265, "Ramos": 19.394186186186175, "Heyer": 18.271579579579594, "Ambrosius": 17.87369369369368, "Por\u0119ba": 11.521729729729728, "Jaschan": -7.20732732732732, "Adekunle": -7.576792792792787}, "AMW_IF_SU": {"Pherai": 24.034477906477917, "Glatzel": 21.804911196911206, "Domp\u00e9": 20.261601029601024, "K\u00f6nigsd\u00f6rffer": 15.178598026598038, "N\u00e9meth": 14.73779836979837, "\u00d6ztunali": 14.26836207636211, "Suhonen": 14.130292578292583, "Mikelbrencis": 11.526404118404116}, "AMC_AM_AT": {"B\u00e9nes": 26.29371085371085, "Pherai": 23.617649077649077, "Domp\u00e9": 19.731720291720308, "Suhonen": 14.582608322608323, "Ko\u00e7in*": 1.0751608751608899, "Andrijani\u0107*": -2.218138138138144, "Kosani\u0107*": -3.5961561561561695, "Tuppeck": -3.739699699699713}, "ST_AF_AT": {"Glatzel": 22.774579150579157, "Pherai": 21.23413299013299, "N\u00e9meth": 15.504897468897468, "K\u00f6nigsd\u00f6rffer": 14.732634062634048, "\u00d6ztunali": 12.640279708279692, "Suhonen": 12.025121407121432, "Krahn": 7.721053625053642, "Ko\u00e7in*": 0.4452509652509633}}}