{"hsv_gyr": {"GK_SK_SU": {"Bertini": 37.97592106392105, "Ambos": 35.27415873015872, "Victor": 15.71939596739594, "Assheuer": -2.495697983697994, "Obeng": -5.346127842127856, "Abbasi": -6.0504298584298795, "Bayer": -8.985575289575294}, "CD_CD_DE": {"Ali": 45.39867867867869, "Arce": 36.99744315744314, "Assheuer": 35.379562419562404, "Buchmann": 34.99888459888459, "Degenhardt": 31.803620763620756, "Hajdari": 29.098378378378385, "Mayer": 12.24933504933503, "Forster": -5.42788502788504}, "CD_BPD_DE": {"Plaza": 42.03315315315314, "Grey": 37.54335135135133, "Buchmann": 34.26234234234232}, "DR_WB_SU": {"Grey": 39.07103903903902, "Georgescu": 38.40576576576575, "Backer": 33.546378378378364, "Akinola": 22.627219219219228, "Abdul": 21.600384384384384, "Beck": 11.38988588588586, "Guehi": -5.748132132132142, "Appiah": -14.440072072072084}, "DL_FB_AT": {"Wattiau": 41.60455582855582, "Grey": 40.21437291837293, "Georgescu": 38.97632323232324, "Backer": 33.465428337428335, "Augusto": 31.526385476385485, "Bucciero": 30.480469560469572, "Kinsombi": 29.407668031668038, "Stewart": 25.67384657384659}, "DM_DM_SU": {"Lisby": 53.12922522522524, "Wattiau": 40.013201201201184, "Plaza": 39.37374174174175, "Arce": 39.089537537537524, "Bucciero": 32.75178378378379, "Augusto": 31.842330330330327, "Hajdari": 30.57762162162163, "Stewart": 25.27721321321323}, "CM_BTB_SU": {"Georgescu": 39.50354354354354, "Grey": 38.06502273702273, "Kinsombi": 30.02538138138138, "Hecker": 15.263025311025302, "Wehlmann": 12.29736422136422, "Beck": 11.470936078936091, "Beganovi\u0107": 8.61244272844273, "\u00d6zt\u00fcrk": 0.9066700986701051}, "CM_MEZ_AT": {"G\u00e4hl": 45.58186186186185, "Brogden": 44.84978978978978, "Valerio": 43.44306306306305, "Allmeyer": 43.39282282282281, "Georgescu": 41.08894894894897, "Esono": 38.44057057057057, "Dursun": 35.706066066066086, "Min-Seok": 35.0672972972973}, "AML_IF_SU": {"Galera": 51.33235178035176, "Bourguignon": 44.07091891891889, "Luna": 43.944099528099514, "Brogden": 43.38159416559415, "G\u00e4hl": 43.228183612183614, "Valerio": 43.19341055341053, "Georgescu": 41.139754611754626, "Allmeyer": 41.07225396825396}, "AMR_IW_AT": {"Drommel": 57.03637237237237, "Bourguignon": 46.693597597597574, "Luna": 43.33148348348348, "Brogden": 42.12055255255254, "Georgescu": 38.872408408408404, "Esono": 38.57323723723724, "Backer": 37.41929129129127, "Min-Seok": 36.84944144144143}, "ST_AF_AT": {"Galera": 53.48556670956671, "G\u00e4hl": 44.36428914628914, "Luna": 43.030936078936094, "Valerio": 42.043418275418276, "Georgescu": 39.471587301587306, "Joon-Mo": 38.11273015873016, "Dursun": 35.76839553839554, "\u00c0ngel": 34.834946374946384}}, "hsv": {"GK_SK_SU": {"Bertini": 43.30269798369801, "Ambos": 31.971575718575707, "Obeng": 2.1959283569283485, "Wei\u00df": 0.3668760188760132, "Abbasi": -2.002515229515211, "Assheuer": -4.46910596310596, "Turan": -5.683791934791927, "Wattiau": -17.585089661089654}, "DC_CD_DE": {"Lisby": 45.49384813384813, "Ali": 37.971411411411395, "Arce": 34.80652080652078, "Buchmann": 34.80044616044614, "Grey": 30.67171171171171, "Wattiau": 29.693693693693717, "Plaza": 29.12672672672673, "Hajdari": 20.486555126555103}, "DC_BPD_DE": {"Lisby": 41.946810810810774, "Buchmann": 34.70844444444441, "Grey": 34.67966366366366, "Arce": 34.40624624624624, "Ali": 33.67233633633634, "Plaza": 32.39159159159158, "Brogden": 31.54255855855854}, "DLR_FB_AT": {"Wattiau": 40.191421785421795, "Lisby": 39.05632432432432, "Georgescu": 38.785500955500964, "Grey": 37.34089107289108, "Galera": 31.345399399399412, "Augusto": 30.524404586404586, "Backer": 30.471944853944848, "Brogden": 30.344730002730017}, "MC_BWM_DE": {"Lisby": 48.39752895752895, "Grey": 39.26126126126124, "Georgescu": 38.686194766194774, "Wattiau": 36.728133848133865, "Arce": 36.25228657228652, "Ali": 33.09954525954524, "Allende": 30.74865722865721, "Hajdari": 22.74632346632343}, "MC_BTB_SU": {"Georgescu": 38.7554302874303, "Grey": 36.533760617760635, "Lisby": 36.36064350064348, "Valerio": 35.57131188331189, "Brogden": 34.83762505362506, "Wattiau": 31.19804375804378, "Galera": 30.73021535821536, "Saleh": 29.60289317889317}, "MA_AM_AT": {"Galera": 49.86766194766193, "Drommel": 42.69458601458601, "Bourguignon": 40.853127413127424, "Brogden": 39.33771771771774, "Green": 37.87767481767483, "G\u00e4hl": 36.852363792363775, "Luna": 36.194114114114086, "Valerio": 35.761432861432866}, "MALR_IW_AT": {"Galera": 48.089729729729726, "Bourguignon": 47.51987987987985, "Drommel": 47.34892492492489, "Brogden": 40.354018018017996, "Georgescu": 38.85816216216216, "Backer": 37.12012012012008, "Green": 36.52177777777777, "Luna": 35.610018018017996}, "ST_AF_AT": {"Galera": 52.50008923208921, "Brogden": 40.43768168168168, "Bourguignon": 40.38565336765336, "Drommel": 38.674839982839984, "Georgescu": 38.180060918060946, "G\u00e4hl": 36.43762247962246, "Valerio": 35.57864521664524, "Luna": 35.230769626769614}}, "millwall": {"GK_SK_SU": {"Sas": 14.603974259974251, "Udeh": 3.223848991848996, "Anderson": -3.7543886743886787, "Nwachukwu": -18.975783783783797, "Hannant": -21.462435006435}, "DC_BPD_DE": {"Small": 19.166822822822823, "Jovic": 12.54724324324323, "Rooney": 9.697945945945918, "Mkwate": 9.107939939939925, "Azzopardi": 7.625729729729727, "Dionkou": 6.359375375375379, "Hardy": 0.3010210210210147}, "DC_CD_DE": {"Small": 22.094311454311452, "Roast": 20.87533247533247, "Bradbery": 19.929712569712564, "Jovic": 15.584315744315717, "Wood": 14.608322608322595, "Mkwate": 12.470047190047183, "Rooney": 11.4515315315315, "Azzopardi": 10.534259974259982}, "DLR_WB_AT": {"Jovic": 14.335159159159161, "Hardcastle": 13.943699699699707, "Mzee": 11.449957957957963, "Mensah": 10.384318318318307, "Azzopardi": 9.731885885885902, "Nichols": 7.738342342342335, "Sanders": 7.680348348348332, "Dionkou": 3.69326126126127}, "MC_DLP_DE": {"Park": 25.027092235092255, "Scott": 17.20081510081512, "Mzee": 8.407828399828418, "West": 6.278014586014592, "Carson": -5.735132561132545, "James": -6.8890785070785086, "Newbold": -7.69755298155296}, "MC_BBM_SU": {"Mitchell": 23.113062205062207, "Jovic": 16.96122179322178, "Hardcastle": 16.874663234663245, "Apataki": 12.499334191334185, "Henry-Francis": 11.415291291291283, "Mzee": 10.47139081939082, "Sanders": 6.65663148863149, "West": 4.410230802230799}, "MC_MEZ_AT": {"Godswill": 22.263213213213206, "Kelly": 21.265585585585598, "Buss": 19.550240240240242, "Hardcastle": 16.112372372372377, "Apataki": 13.650600600600612, "Chaffey": 11.94243243243244, "Mzee": 7.5141141141140935, "Nwachukwu": 6.035615615615598}, "ST_DLF_SU": {"Frampton": 33.310822822822814, "Godswill": 25.85139081939083, "Park": 22.252255684255672, "Buss": 20.654680394680383, "Kelly": 17.85943371943374, "Hardcastle": 17.335069927069924, "Scott": 16.472012012012016, "Apataki": 16.223092235092224}, "ST_AF_AT": {"Godswill": 26.15743972543973, "Stewart": 25.12401458601461, "Baker": 22.64909909909909, "Buss": 21.943146289146284, "Kelly": 19.472311454311466, "Chaffey": 15.64976061776062, "Hardcastle": 15.584470184470192, "Apataki": 14.87953753753753}}}