{"hsv_gyr": {"GK_SK_DE": {"Bertini": 33.32921605241603, "Gadsby": 20.644885176085154, "Obeng": -5.985278951678964}, "CD_CD_DE": {"Buchmann": 33.949995709995704, "Mai": 28.650879450879444, "Arce": 21.89182325182324, "Becker": 18.660111540111544, "Assheuer": 14.021106821106812, "Kinsombi": 9.817451737451734}, "CD_BPD_DE": {"Buchmann": 34.348684684684656, "Mai": 30.16108108108108, "Arce": 21.541237237237212, "Becker": 18.97974774774775, "Assheuer": 11.525525525525495, "Kinsombi": 10.834786786786779}, "DR_WB_SU": {"Fresneda": 34.44305105105104, "Wattiau": 31.18899699699699, "Reis": 29.467963963963967, "Georgescu": 27.54445645645643, "Valerio": 25.635247893054327, "Dell'atti": 25.114762762762737, "Bove": 24.07346546546546, "Saleh": 23.180538215634968}, "DL_FB_AT": {"Fresneda": 36.88383565383566, "Wattiau": 36.4038291018291, "Reis": 29.806361998362007, "Georgescu": 28.58864045864044, "Dell'atti": 27.44239530439529, "Valerio": 26.952772727272702, "Bove": 25.22925034125035, "Becker": 22.54265629265629}, "DM_DM_SU": {"Lisby": 38.66323123123124, "Gagliardini": 38.23692492492492, "Fresneda": 36.84432432432433, "Wattiau": 34.5564804804805, "Reis": 31.074978978978976, "Dell'atti": 26.30034834834835, "Bove": 24.040924924924923, "Arce": 22.17938738738738}, "CM_BTB_SU": {"Gagliardini": 34.87472157872156, "Reis": 34.52436550836552, "Valerio": 34.0771462891463, "Fresneda": 31.721516945516953, "Georgescu": 28.570373230373207, "Bove": 28.071631059631045, "Wattiau": 26.98092879976751, "Saleh": 25.207172665753305}, "CM_MEZ_AT": {"Galera": 48.065165165165155, "Brogden": 39.40948948948949, "Valerio": 33.07204204204206, "Leymarie": 32.67012012012012, "Saleh": 32.30408408408408, "Reis": 30.76099099099099, "Nemec": 29.433213213213236, "Allmeyer": 18.703333333333347}, "AML_IF_SU": {"Galera": 49.884156156156166, "Brogden": 38.13904418704416, "Leymarie": 35.199697983697945, "Valerio": 34.97469583869582, "Diallo": 34.86014929214929, "Nemec": 29.771009867009866, "Saleh": 29.394642642642623, "Min~seok": 17.8131685971686}, "AMR_IW_AT": {"Galera": 48.34616216216216, "Brogden": 36.57876276276275, "Leymarie": 34.78373573573572, "Diallo": 34.59853453453454, "Valerio": 30.652324324324326, "Nemec": 29.199207207207195, "Min~seok": 16.97592792792794, "Ivan": 4.211291291291275}, "ST_AF_AT": {"Galera": 52.02265293865295, "Brogden": 36.37743286143282, "Valerio": 33.074145002145, "Leymarie": 31.76527584727586, "Diallo": 31.178682110682104, "Saleh": 28.573185757185797, "Nemec": 27.332667524667528, "Allmeyer": 14.251117117117118}}}