{"hsv_gyr": {"GK_SK_DE": {"Bertini": 39.42486224406224, "Ambos": 27.599601638001616, "Obeng": -4.7224242424242675}, "CD_CD_DE": {"Lisby": 43.92253968253968, "Arce": 34.80652080652078, "Buchmann": 33.92164736164733, "Mai": 29.515504075504055, "Assheuer": 24.388502788502763, "Becker": 18.660111540111544, "Kinsombi": 9.817451737451734}, "CD_BPD_DE": {"Lisby": 39.3853213213213, "Arce": 34.40624624624624, "Buchmann": 34.03209609609607, "Mai": 30.82303903903903, "Assheuer": 20.80732732732733, "Becker": 18.97974774774775, "Kinsombi": 10.834786786786779}, "DR_WB_SU": {"Wattiau": 37.841729729729735, "Georgescu": 37.23430630630628, "Fresneda": 34.12487687687687, "Reis": 28.22419219219219, "Backer": 28.19526726726727, "Valerio": 25.635247893054327, "Dell'atti": 25.114762762762737, "Kinsombi": 24.406102102102082}, "DL_FB_AT": {"Wattiau": 42.56391318591318, "Georgescu": 37.87139011739012, "Fresneda": 36.14612066612068, "Reis": 29.601113295113322, "Dell'atti": 27.44239530439529, "Valerio": 26.952772727272702, "Augusto": 26.751238329238333, "Kinsombi": 25.589255255255253}, "DM_DLP_SU": {"Georgescu": 41.823416559416586, "Brogden": 39.999897039897036, "Wattiau": 38.74978893178894, "Saleh": 38.39668554268553, "Valerio": 35.46806435006437, "Allmeyer": 34.63618532818535, "Gahl": 33.60842042042043, "Leymarie": 32.56539167739169}, "CM_BTB_SU": {"Georgescu": 38.35561218361221, "Valerio": 34.77167567567568, "Reis": 33.48978464178464, "Fresneda": 31.981192621192633, "Dursun": 29.413288717288737, "Saleh": 28.928972972972986, "Kinsombi": 27.657386529386528, "Busquets": 26.66814586014587}, "CM_MEZ_AT": {"Galera": 49.414474474474474, "Brogden": 43.44306306306305, "Georgescu": 39.14393393393394, "Saleh": 35.2251951951952, "Allmeyer": 34.35675675675674, "Green": 33.904594594594585, "Valerio": 33.79693693693693, "Gahl": 33.26582582582583}, "AML_IF_SU": {"Galera": 50.935529815529804, "Drommel": 45.024109824109814, "Bourguignon": 44.52296868296867, "Brogden": 42.53067696267695, "Georgescu": 39.705877305877294, "Green": 37.31471814671815, "Valerio": 35.22833462033458, "Leymarie": 34.414235950235934}, "AMR_IW_AT": {"Galera": 48.944504504504465, "Bourguignon": 47.51987987987985, "Drommel": 47.23495495495493, "Brogden": 40.86688288288289, "Georgescu": 37.40504504504503, "Green": 36.52177777777777, "Leymarie": 33.90046846846846, "Backer": 33.28787987987985}, "ST_AF_AT": {"Galera": 53.1356507936508, "Brogden": 40.666198198198174, "Georgescu": 37.50879365079368, "Green": 34.563583011583006, "Valerio": 33.40977863577865, "Saleh": 32.654858000857985, "Gahl": 31.42148090948089, "Leymarie": 30.04528099528096}}, "millwall": {"GK_GK_DE": {"Sas": 14.081782145782157, "Udeh": 4.893685831285822, "Lo-Tutala": 4.3179295659295605, "Francis": -6.305331367731355, "Allen": -10.084879934479957, "Roast": -20.85565798525799, "Mitchell": -21.19993972153972, "Doherty": -21.86630237510238}, "CD_CD_DE": {"Bielik": 21.68731016731016, "Bradbery": 20.365062205062202, "Roast": 19.58953238953238, "Wood": 18.044547404547373, "Holzman": 15.049746889746885, "Doherty": 11.097177177177144, "Dionkou": 9.317305877305884, "Mitchell": 8.189446589446575}, "CD_BPD_DE": {"Bielik": 25.67127927927926, "Mitchell": 13.756036036036036, "Roast": 13.756036036036036, "Bradbery": 13.453837837837838, "Doherty": 13.439447447447435, "Wood": 13.410666666666657, "Holzman": 10.00014414414413, "Dionkou": 7.4386546546546555}, "DR_FB_DE": {"Roast": 15.923308451308444, "Bradbery": 15.22021793221792, "Mitchell": 14.710527670527668, "Wood": 12.137901329901297, "Doherty": 9.79493779493778, "Holzman": 9.53304161304159, "Dionkou": 7.443915915915909, "Azzopardi": 7.036969540969551}, "DL_WB_SU": {"Mitchell": 19.02606606606605, "Apataki": 11.447735735735733, "Frampton": 9.495303303303288, "Roast": 9.365141141141137, "Mensah": 9.075891891891871, "Henry-Francis": 7.108996996996993, "Kelly": 6.54496096096095, "Azzopardi": 5.937537537537537}, "MC_DLP_DE": {"Bielik": 24.653637065637085, "Frampton": 20.43267782067784, "Mitchell": 18.973963963963982, "Scott": 14.785567567567597, "Apataki": 13.234253110253107, "Kelly": 12.443077649077665, "Doherty": 12.11236121836123}, "MC_MEZ_SU": {"Mitchell": 22.6848048048048, "Frampton": 21.88499699699699, "Kelly": 19.442726726726747, "Apataki": 14.22969369369369, "Archer": 12.387279279279284, "Scott": 9.773621621621643, "Doherty": 9.302306306306292}, "AM_AP_SU": {"Frampton": 35.47356842556843, "Carter\u2014byrne": 27.024578292578283, "Tomlin": 22.60523208923209, "Kelly": 18.902040326040336, "Apataki": 18.15732132132132, "Mitchell": 16.084350064350062, "Archer": 12.927965679965666}, "AM_AP_AT": {"Frampton": 35.47356842556843, "Carter\u2014byrne": 27.024578292578283, "Tomlin": 22.60523208923209, "Kelly": 18.902040326040336, "Apataki": 18.15732132132132, "Mitchell": 16.084350064350062, "Archer": 12.927965679965666}, "ST_DLF_AT": {"Frampton": 30.016466752466755, "Carter\u2014byrne": 25.96438266838264, "Tomlin": 24.47936851136852, "Mitchell": 18.31021879021877, "Apataki": 17.99521578721577, "Kelly": 17.084979836979826, "Scott": 14.560864864864882}, "ST_AF_AT": {"Carter\u2014byrne": 24.37113427713429, "Frampton": 23.583568425568416, "Tomlin": 23.523378807378805, "Archer": 19.235633633633626, "Kelly": 19.122395538395537, "Apataki": 17.376896610896594, "Mitchell": 14.973392535392534}}, "hsv": {"GK_SK_SU": {"Bertini": 43.30269798369801, "Ambos": 31.971575718575707, "Obeng": 2.1959283569283485, "Wei\u00df": 0.3668760188760132, "Abbasi": -2.002515229515211, "Assheuer": -4.46910596310596, "Turan": -5.683791934791927, "Wattiau": -17.585089661089654}, "DC_CD_DE": {"Lisby": 45.49384813384813, "Arce": 34.80652080652078, "Buchmann": 34.80044616044614, "Aliloktay": 34.644530244530245, "Ali": 34.644530244530245, "Grey": 30.67171171171171, "Wattiau": 29.693693693693717, "Brogden": 26.630047190047165}, "DC_BPD_DE": {"Lisby": 41.946810810810774, "Buchmann": 34.70844444444441, "Grey": 34.67966366366366, "Arce": 34.40624624624624, "Brogden": 31.54255855855854, "Aliloktay": 30.736696696696697, "Ali": 30.736696696696697, "Wattiau": 29.72936936936935}, "DLR_FB_AT": {"Wattiau": 40.191421785421795, "Lisby": 39.05632432432432, "Georgescu": 38.785500955500964, "Grey": 37.34089107289108, "Galera": 31.345399399399412, "Augusto": 30.524404586404586, "Backer": 30.471944853944848, "Brogden": 30.344730002730017}, "MC_BWM_DE": {"Lisby": 48.39752895752895, "Grey": 39.26126126126124, "Georgescu": 38.686194766194774, "Wattiau": 36.728133848133865, "Arce": 36.25228657228652, "Aliloktay": 30.878249678249688, "Ali": 30.878249678249688, "Allende": 30.74865722865721}, "MC_BTB_SU": {"Georgescu": 38.7554302874303, "Grey": 36.533760617760635, "Lisby": 36.36064350064348, "Valerio": 35.57131188331189, "Brogden": 34.60886314886315, "Wattiau": 31.19804375804378, "Galera": 30.73021535821536, "Saleh": 29.60289317889317}, "MA_AM_AT": {"Galera": 49.86766194766193, "Drommel": 42.69458601458601, "Bourguignon": 40.853127413127424, "Brogden": 38.72048048048049, "Green": 37.87767481767483, "G\u00e4hl": 36.852363792363775, "Valerio": 35.761432861432866, "Georgescu": 35.25903045903044}, "MALR_IW_AT": {"Galera": 48.089729729729726, "Bourguignon": 47.51987987987985, "Drommel": 47.34892492492489, "Brogden": 40.02635435435434, "Georgescu": 38.85816216216216, "Backer": 37.12012012012008, "Green": 36.52177777777777, "Grey": 34.128408408408376}, "ST_AF_AT": {"Galera": 52.50008923208921, "Brogden": 40.39483483483485, "Bourguignon": 40.38565336765336, "Drommel": 38.674839982839984, "Georgescu": 38.180060918060946, "G\u00e4hl": 36.43762247962246, "Valerio": 35.57864521664524, "Green": 34.563583011583006}}}